,,,,,,Basic household types (percentage of households)**,,,,,,,,,Intergenerational household types (percentage of households)***,,,
Country or area,ISO Code,Data source category,Reference date (dd/mm/yyyy),Average household size (number of members),Female head of household (percentage of households),One-person,Couple only,Couple with children,Single parent with children,Single mother with children,Single father with children,Extended family,Non-relatives,Unknown,Nuclear,Multi-generation,Three generation,Skip generation
Afghanistan,4,DHS,10/19/2015,8.04,1.67,0.19,1.97,49.8,0.99,0.78,0.21,46.86,0.19,0,52.77,50.39,32.18,0.07
Albania,8,DHS,1/21/2009,3.82,15.6,6.15,16.72,42.25,6.7,5.92,0.78,27.86,0.32,0,65.67,45.9,23.07,0.38
Albania,8,DYB,7/1/2011,3.86,14.22,8.27,14.51,45.4,5.16,..,..,..,..,26.65,65.08,..,..,..
Albania,8,DHS,12/1/2017,3.3,17.27,9.95,22.57,35.86,6.53,5.44,1.1,24.4,0.68,0,64.96,44.65,18.01,0.58
Angola,24,DHS,1/29/2007,5.69,24.78,4.08,4.33,36.35,6.58,5.6,0.97,47.85,0.72,0.1,47.25,27.86,20.52,3.22
Angola,24,DHS,3/1/2011,4.98,21.74,6.6,5.35,45.01,7.43,6.22,1.21,35.03,0.55,0.03,57.79,20.83,16.02,3.2
Angola,24,DHS,1/1/2016,4.82,34.47,10.81,5.34,36.08,13.39,12.14,1.25,32.8,1.57,0.01,54.81,17.54,13.34,3.28
Argentina,32,IPUMS,7/1/1970,3.78,16.54,10.26,11.44,39.64,7.11,5.57,1.54,21.49,9.86,0.19,58.2,29.09,9.75,1.01
Argentina,32,IPUMS,7/1/1980,3.86,20.14,10.38,11.59,38.44,7.03,5.67,1.36,23.74,8.81,0,57.06,29.76,12.02,1.08
Argentina,32,IPUMS,7/1/2001,3.57,27.67,14.88,12.17,40.69,10.13,8.36,1.76,19.46,2.67,0,62.99,32.04,11.02,1.22
Argentina,32,DYB,7/1/2010,3.26,34.01,17.74,11.71,36.83,13.43,..,..,..,..,20.29,61.97,..,..,..
Argentina,32,IPUMS,7/1/2010,3.26,34.16,17.6,13.34,36.77,11.73,9.72,2.01,18.07,2.49,0,61.85,29.58,9.61,1.29
Armenia,51,DHS,11/2/2000,4.34,28.86,8.41,7.93,34.89,7.04,6.38,0.66,41.62,0.11,0,49.86,56.87,35.53,0.92
Armenia,51,DYB,7/1/2001,4.14,31.45,10.18,..,..,..,..,..,..,..,89.82,..,..,..,..
Armenia,51,IPUMS,7/1/2001,3.99,31.64,10.96,7.02,37.35,9.8,8.83,0.96,34.43,0.45,0,54.16,51.54,28.34,0.69
Armenia,51,DHS,10/17/2005,3.76,35.92,13.06,9.53,29.03,10.57,9.73,0.85,37.57,0.12,0.11,49.13,52.78,30.36,0.81
Armenia,51,DHS,11/15/2010,3.56,37.1,15.26,10.98,27.33,9.96,9.18,0.78,36.01,0.43,0.02,48.27,55.41,29.26,1.08
Armenia,51,DYB,7/1/2011,3.96,29.52,..,..,..,..,..,..,..,..,..,..,..,..,..
Armenia,51,IPUMS,7/1/2011,4.01,29,10.96,7.08,31.45,8.5,7.46,1.03,41.39,0.62,0,47.03,60.17,32.5,0.71
Armenia,51,DHS,2/5/2016,3.54,33.18,15.19,13.42,27.17,7.37,6.74,0.63,35.75,1.1,0,47.96,54.3,29.84,0.91
Aruba,533,DYB,7/1/2010,2.89,..,21.37,11.48,22.16,11.48,..,..,..,..,33.51,45.12,..,..,..
Australia,36,DYB,7/1/2006,2.5,39.63,24.36,25.14,30.72,9.33,..,..,..,..,10.45,65.19,..,..,..
Australia,36,DYB,7/1/2011,2.5,42.24,24.34,25.09,29.9,9.1,..,..,..,..,11.57,64.09,..,..,..
Australia,36,DYB,7/1/2016,2.55,44.07,22.83,24.39,29.45,9.93,..,..,..,..,13.39,63.77,..,..,..
Austria,40,IPUMS,7/1/1971,2.88,28.76,25.51,19.56,..,..,..,..,0,4.67,0,..,..,..,..
Austria,40,IPUMS,7/1/1981,2.71,31.12,28.23,19.2,34.09,6.24,5.37,0.87,9.43,2.81,0,59.52,..,..,..
Austria,40,IPUMS,7/1/1991,2.55,32.69,29.59,19.55,31.48,7.71,6.59,1.13,8.97,2.69,0,58.74,..,..,..
Austria,40,DYB,7/1/2001,2.38,34.61,33.53,20.57,29,8.86,..,..,..,..,8.03,58.44,..,..,..
Austria,40,IPUMS,7/1/2001,2.38,34.43,33.47,20.68,28.99,7.97,6.85,1.12,7.61,1.28,0,57.64,..,..,..
Austria,40,LFS,7/1/2001,2.42,..,..,..,..,..,..,..,..,..,..,..,..,..,..
Austria,40,DYB,7/1/2011,2.27,41.68,36.29,21.35,25.3,8.84,..,..,..,..,8.22,55.49,..,..,..
Austria,40,IPUMS,7/1/2011,2.27,..,..,..,..,..,..,..,..,..,..,..,..,..,..
Austria,40,LFS,7/1/2011,2.27,..,..,..,..,..,..,..,..,..,..,..,..,..,..
Azerbaijan,31,DYB,7/1/1999,..,..,..,..,..,..,..,..,..,..,..,..,..,..,..
Azerbaijan,31,DHS,9/14/2006,4.15,24.61,6.5,7.09,43.72,9.68,8.97,0.71,32.95,0.03,0.02,60.49,48.61,24.47,0.75
Azerbaijan,31,DYB,7/1/2009,4.55,26.85,6.77,3.52,44.01,8.4,..,..,..,..,37.32,55.92,..,..,..
"Bahamas, The",44,DYB,7/1/2010,3.4,38.94,17.73,8.31,23.68,12.87,..,..,..,..,37.41,44.86,..,..,..
Bangladesh,50,IPUMS,7/1/1991,5.45,13.89,2.97,3.9,45.26,7.79,6.55,1.24,..,..,40.09,56.94,..,..,..
Bangladesh,50,DHS,1/13/1994,5.46,8.73,1.55,4.14,46.94,5.07,4.28,0.79,36.83,5.37,0.1,56.16,40.61,24.25,0.51
Bangladesh,50,DHS,1/5/1997,5.3,9.17,1.88,3.77,47.58,5.24,4.38,0.86,36.75,4.75,0.03,56.59,39.85,24.31,0.58
Bangladesh,50,DHS,1/30/2000,5.17,8.65,1.53,4.1,49.76,4.42,3.99,0.43,35.4,4.76,0.03,58.28,40.39,23.91,0.7
Bangladesh,50,IPUMS,7/1/2001,4.85,13.81,3.07,5.29,48.71,7,6.04,0.96,..,..,35.93,61,..,..,..
Bangladesh,50,DHS,3/14/2004,4.96,10.09,1.7,4.48,50.55,5.31,5.01,0.3,35.35,2.58,0.02,60.35,39.43,23.78,0.69
Bangladesh,50,DHS,6/2/2007,4.71,12.76,2.26,5.5,47.69,6.44,5.96,0.48,35.47,2.65,0,59.62,38.57,24.21,0.88
Bangladesh,50,DYB,7/1/2011,..,15.58,..,..,..,..,..,..,..,..,..,..,..,..,..
Bangladesh,50,IPUMS,7/1/2011,4.44,15.43,3.37,6.61,47.67,7.9,7.15,0.75,30.32,3.41,0.73,62.18,..,..,..
Bangladesh,50,DHS,10/4/2011,4.6,11.01,1.74,6.15,48.5,5.29,4.94,0.35,36.81,1.52,0,59.94,39.9,25.73,1.18
Bangladesh,50,DHS,8/22/2014,4.47,12.49,1.74,7.08,46.93,5.97,5.64,0.32,37.05,1.23,0,59.98,39.55,25.88,1.32
Belarus,112,DYB,7/1/1999,2.57,..,26.16,16.76,33.34,10.55,..,..,..,..,13.19,60.65,..,..,..
Belarus,112,IPUMS,7/1/1999,2.63,42,23.34,17.96,34.22,10.75,9.8,0.94,12.43,1.31,0,62.92,24.54,7.63,0.81
Belarus,112,DYB,7/1/2009,2.43,..,29.65,16.54,26.7,12.28,..,..,..,..,14.82,55.52,..,..,..
Belarus,112,IPUMS,7/1/2009,2.48,51.99,27,17.56,27.1,11.42,10.25,1.17,15.81,1.12,0,56.08,30.6,9.42,0.79
Belgium,56,DYB,7/1/2001,2.36,..,..,..,..,..,..,..,..,..,..,..,..,..,..
Belgium,56,LFS,7/1/2001,2.4,..,..,..,..,..,..,..,..,..,..,..,..,..,..
Belgium,56,DYB,7/1/2011,2.32,32.2,33.96,24.56,26.85,9.18,..,..,..,..,5.45,60.6,..,..,..
Belgium,56,LFS,7/1/2011,2.36,..,..,..,..,..,..,..,..,..,..,..,..,..,..
Benin,204,IPUMS,7/1/1979,5.4,20.35,13.56,4.35,20.69,8.78,6.48,2.3,40.99,7.44,4.19,33.82,..,..,..
Benin,204,IPUMS,7/1/1992,5.9,21.24,12.14,3.39,22.67,8.8,6.75,2.04,36.46,15.12,1.42,34.86,25.46,16.72,2.78
Benin,204,DHS,7/18/1996,6,17.56,8.7,3.46,27.13,7,4.63,2.38,44.98,8.62,0.11,37.59,26.97,18.5,2.98
Benin,204,DHS,9/25/2001,5.18,20.85,11.86,3.98,31.5,8.33,6.4,1.93,38.09,6.13,0.12,43.81,23.27,14.08,3.15
Benin,204,DYB,7/1/2002,..,22.72,..,..,..,..,..,..,..,..,..,..,..,..,..
Benin,204,IPUMS,7/1/2002,5.58,22.75,12.18,3.91,28.4,10.58,8.59,1.99,35.91,9.03,0,42.88,25.78,15.05,2.31
Benin,204,DHS,9/29/2006,5.05,22.48,10.5,3.86,38.16,10.28,8.74,1.54,34.56,2.58,0.07,52.3,19.92,11.71,2.87
Benin,204,DHS,2/17/2012,4.96,22.92,10.27,3.6,38.52,11.49,8.88,2.61,33.89,2.19,0.05,53.61,20.8,11.98,3.64
Benin,204,DYB,7/1/2013,5.52,24.13,..,..,..,..,..,..,..,..,..,..,..,..,..
Benin,204,IPUMS,7/1/2013,5.54,24.12,10.81,3.46,33.76,11.92,9.92,1.99,34.99,5.08,0,49.13,26.2,14.03,2.55
Benin,204,DHS,1/2/2018,5.19,24.88,9.78,3.51,35.43,10.66,8.32,2.34,36.34,4.28,0,49.6,23.89,15.99,4.31
Bermuda,60,DYB,7/1/2000,2.47,46.91,27.87,19.72,25.42,10.68,..,..,..,..,16.32,55.81,..,..,..
Bermuda,60,DYB,7/1/2010,2.39,51.49,28.87,20.42,21.53,12.27,..,..,..,..,16.91,54.22,..,..,..
Bermuda,60,DYB,7/1/2016,2.26,55.47,34.09,16.78,18.63,10.4,..,..,..,..,20.1,45.81,..,..,..
Bhutan,64,DYB,7/1/2005,..,28.17,..,..,..,..,..,..,..,..,..,..,..,..,..
Bolivia,68,IPUMS,7/1/1976,4.35,22.9,11.7,5.9,36.22,12.34,9.58,2.76,24.58,9.27,0,54.46,21.95,11.31,2.18
Bolivia,68,IPUMS,7/1/1992,4.35,24.32,11.65,5.54,37.94,15.22,11.35,3.87,18.85,10.36,0.43,58.71,..,..,..
Bolivia,68,DHS,3/1/1994,4.52,19,8.23,6.3,46.93,10.37,8.16,2.21,22.93,5.18,0.06,63.6,24.97,12.79,2.4
Bolivia,68,DHS,6/14/1998,4.36,19.47,10.01,7.33,46.86,9.82,7.63,2.19,20.57,5.4,0.01,64.01,25.12,12.44,2.19
Bolivia,68,DYB,7/1/2001,4.09,30.81,..,..,..,..,..,..,..,..,..,..,..,..,..
Bolivia,68,IPUMS,7/1/2001,4.09,30.87,15.2,5.01,31.42,15.43,12.06,3.37,25.11,7.84,0,51.85,..,..,..
Bolivia,68,DHS,10/27/2003,4.23,20.2,12.12,7.03,45.64,10.35,8.09,2.26,22.84,1.93,0.09,63.02,21.62,9.99,2.04
Bolivia,68,DHS,4/17/2008,3.94,22.92,12.76,8.13,43.08,11.67,9.09,2.57,22.73,1.63,0,62.88,24.93,12.56,2.57
Bolivia,68,DYB,7/1/2012,3.53,35.46,20.48,5.5,25.37,16.66,..,..,..,..,31.98,47.54,..,..,..
Botswana,72,IPUMS,7/1/1981,5.61,30.59,10.83,2.3,10.92,6.27,4.55,1.72,51.03,18.63,0.02,19.49,29.62,23.82,4.79
Botswana,72,IPUMS,7/1/1991,4.73,46.85,18.04,3.59,8.74,8.89,7.28,1.61,..,..,0,21.22,22.81,19.37,6
Botswana,72,DYB,7/1/2001,4.15,46.13,23.36,..,..,..,..,..,..,..,..,..,..,..,..
Botswana,72,IPUMS,7/1/2001,4.11,46.43,23.28,5.21,9.21,8.7,7.09,1.61,43.74,9.87,0,23.12,25.43,18.79,4.68
Botswana,72,DYB,7/1/2011,..,47.48,..,..,..,..,..,..,..,..,..,..,..,..,..
Botswana,72,IPUMS,7/1/2011,3.52,47.58,27.89,6.04,10.32,9.34,7.87,1.48,38.53,7.88,0.01,25.7,23.9,16.11,4.21
Brazil,76,IPUMS,7/1/1960,5.13,10.48,4.85,8.01,52.91,6.18,4.69,1.49,18.54,9.5,0.01,67.1,26.13,8.55,0.97
Brazil,76,IPUMS,7/1/1970,5.1,12.16,5.21,8.12,52.29,6.56,5.42,1.14,18.43,9.38,0.01,66.97,..,..,..
Brazil,76,IPUMS,7/1/1980,4.65,14.43,6.13,9.25,52.57,6.89,5.9,1,18.68,6.48,0,68.72,..,..,..
Brazil,76,IPUMS,7/1/1991,4.19,18.1,6.67,9.55,51.12,8.11,7.12,1,19.79,4.76,0,68.78,27.49,10.43,1.29
Brazil,76,DHS,11/8/1991,4.75,21.2,6.81,7.18,45.83,8.28,7.35,0.92,24.28,7.61,0.02,61.28,31.53,15.24,2.88
Brazil,76,DHS,5/2/1996,4.09,19.99,6.11,8.73,49.62,8.98,7.67,1.3,21.76,4.73,0.07,67.33,30.44,12.26,1.78
Brazil,76,DYB,7/1/2000,3.76,24.87,8.86,10.65,48.15,10.17,..,..,..,..,22.16,68.98,..,..,..
Brazil,76,IPUMS,7/1/2000,3.76,24.8,8.93,10.62,47.74,10.08,8.9,1.18,20.14,2.5,0,68.44,28.62,10.9,1.58
Brazil,76,IPUMS,7/1/2010,3.31,38.69,12,13.9,40.41,10.47,9.14,1.33,20.86,2.35,0,64.79,30.88,10.22,1.95
Brunei Darussalam,96,DYB,7/1/2011,..,14.56,7.22,..,..,..,..,..,..,..,..,..,..,..,..
Bulgaria,100,DYB,7/1/2001,2.69,24.91,22.69,21.02,31.09,6.52,..,..,..,..,18.68,58.64,..,..,..
Bulgaria,100,LFS,7/1/2001,2.81,..,..,..,..,..,..,..,..,..,..,..,..,..,..
Bulgaria,100,DYB,7/1/2011,..,31.03,30.79,19.94,25.04,6.98,..,..,..,..,17.25,51.96,..,..,..
Bulgaria,100,LFS,7/1/2011,2.34,..,..,..,..,..,..,..,..,..,..,..,..,..,..
Burkina Faso,854,IPUMS,7/1/1985,6.23,..,..,..,..,..,..,..,..,..,..,..,..,..,..
Burkina Faso,854,DHS,2/4/1993,6.66,6.49,5.03,7.02,28.75,2.57,1.71,0.86,51.97,4.66,0,38.34,24.92,17.01,2.19
Burkina Faso,854,IPUMS,7/1/1996,6.55,9.86,4.32,6.78,28.81,3.39,2.49,0.9,49.18,1.59,5.93,38.98,..,..,..
Burkina Faso,854,DHS,1/14/1999,6.73,6.76,4.39,5.27,29.6,2.58,1.77,0.81,52.6,5.3,0.26,37.45,24.33,17.75,2.16
Burkina Faso,854,DHS,9/9/2003,6.49,9.32,6.15,5.13,32.35,4.11,3.37,0.74,45.69,6.48,0.1,41.59,24.86,15.62,1.93
Burkina Faso,854,DYB,7/1/2006,5.94,10.99,5.48,6.52,41.32,4.85,..,..,..,..,41.82,52.7,..,..,..
Burkina Faso,854,IPUMS,7/1/2006,5.93,11.03,5.53,6.31,30.65,4.9,3.91,0.99,42.64,5.6,4.37,41.87,..,..,..
Burkina Faso,854,DHS,9/9/2010,5.67,9.93,6.33,5.3,39,5.67,4.31,1.36,39.4,4.28,0.04,49.96,20.92,13.56,2.2
Burkina Faso,854,DHS,10/1/2014,5.92,11.8,6.64,4.64,36.28,4.27,3.48,0.79,43.37,4.77,0.03,45.18,24.81,17.32,3.14
Burundi,108,DYB,7/1/2008,4.26,21.88,..,..,..,..,..,..,..,..,..,..,..,..,..
Burundi,108,DHS,11/15/2010,4.78,26.85,5.77,4.33,48.18,14.09,12.82,1.27,20.97,6.63,0.03,66.6,18.85,7.9,3.77
Burundi,108,DHS,12/15/2012,4.73,24.51,6.19,4.27,51.67,13.12,11.79,1.33,18.76,5.85,0.14,69.06,16.4,7.32,4.51
Burundi,108,DHS,12/22/2016,4.83,28.72,6.04,3.07,47.67,14.76,13.51,1.25,20.61,7.85,0,65.5,19.51,8.9,4.12
Cambodia,116,IPUMS,7/1/1998,5.17,25.65,2.57,3.8,49.99,12.17,10.83,1.34,29.83,1.62,0,65.97,25.31,12.54,1.65
Cambodia,116,DHS,4/16/2000,5.37,25.41,1.87,2.3,53.66,9.32,8.36,0.97,31.38,1.36,0.12,65.28,36.79,19.64,1.77
Cambodia,116,IPUMS,7/1/2004,4.88,29.22,2.72,4.16,49.9,11.74,10.47,1.27,30.32,1.15,0,65.81,36.21,17.53,2.2
Cambodia,116,DHS,12/7/2005,4.96,23.52,2.95,3.55,49.88,8.28,7.18,1.11,33.45,1.83,0.06,61.71,38.71,21.57,2.72
Cambodia,116,DYB,7/1/2008,..,25.7,..,..,..,..,..,..,..,..,..,..,..,..,..
Cambodia,116,IPUMS,7/1/2008,4.68,25.52,3.55,4.67,50.91,10.08,8.71,1.38,29.32,1.46,0,65.67,34.71,15.42,2.14
Cambodia,116,DHS,10/21/2010,4.75,27.06,2.83,3.74,48.2,7.3,6.21,1.1,36.39,1.52,0.01,59.24,41.92,23.54,3.23
Cambodia,116,IPUMS,7/1/2013,4.64,27.08,2.71,4.65,52.54,8.15,7.27,0.87,31.42,0.53,0,65.34,46.23,20.01,2.2
Cambodia,116,DHS,9/1/2014,4.61,26.85,3.37,4.84,45.13,6,4.93,1.07,39.55,1.1,0,55.98,42.36,26.18,4.17
Cameroon,120,IPUMS,7/1/1976,5.07,13.79,13.18,9.17,21.85,4.86,3.61,1.25,40.57,10.08,0.28,35.88,..,..,..
Cameroon,120,IPUMS,7/1/1987,5.14,18.37,14.34,6.95,22.01,5.89,4.5,1.39,42.42,8.39,0,34.85,..,..,..
Cameroon,120,DHS,7/10/1991,5.61,17.86,14.19,5.45,22,3.99,2.99,1,41.7,12.65,0.03,31.44,23.64,16.84,3.07
Cameroon,120,DHS,4/20/1998,5.5,22.34,12.7,5.68,21.72,5.25,4.13,1.12,47.47,7.11,0.07,32.65,26.79,18.06,3.52
Cameroon,120,DHS,6/6/2004,4.79,24,17.6,5.49,22.14,7.22,5.43,1.79,43.75,3.71,0.1,34.84,21.31,14.46,3.87
Cameroon,120,IPUMS,7/1/2005,5.12,22.86,12.59,4.83,28.91,9.61,7.63,1.97,39.17,4.77,0.12,43.34,24.03,8.66,1.19
Cameroon,120,DHS,5/2/2011,4.99,25.42,15.14,4.04,25.11,7.3,5.84,1.45,42.97,5.26,0.18,36.45,24.31,17.24,4.45
Canada,124,DYB,7/1/2001,2.55,36.06,25.74,25.17,33.36,10.24,..,..,..,..,5.48,68.77,..,..,..
Canada,124,DYB,7/1/2006,2.5,38.06,26.75,25.11,29.62,8.96,..,..,..,..,9.57,63.68,..,..,..
Canada,124,DYB,7/1/2011,2.47,38.48,27.58,25.48,27.6,8.96,..,..,..,..,10.39,62.04,..,..,..
Canada,124,IPUMS,7/1/2011,2.47,39.04,27.47,25.58,27.61,8.62,6.9,1.72,5.39,5.34,0,61.81,15.94,2.19,0.38
Canada,124,DYB,7/1/2016,2.45,39.85,28.2,25.8,26.51,8.85,..,..,..,..,10.65,61.16,..,..,..
Cayman Islands,136,DYB,7/1/2010,..,39.5,..,..,..,..,..,..,..,..,..,..,..,..,..
Central African Republic,140,DHS,12/8/1994,4.91,21.04,13.5,8.25,23.06,6.27,4.44,1.83,45.87,3.05,0,37.58,18.56,13.3,4.3
Chad,148,DHS,3/29/1997,5.33,21.99,9.56,5.99,36.32,8.34,7.16,1.18,36.94,2.81,0.04,50.65,19.69,13.42,3.98
Chad,148,DHS,10/1/2004,5.36,19.57,8.03,5.09,41.23,7.65,6.61,1.05,36.73,1.24,0.03,53.97,19.15,13.1,4.13
Chad,148,DHS,1/16/2015,5.78,22.05,7.73,3.87,44.39,9.59,8.41,1.19,33.53,0.84,0.04,57.86,18.21,12.79,4.22
Chile,152,IPUMS,7/1/1970,5.04,20.22,5.69,6.02,37.54,7.44,5.99,1.45,26.75,15.98,0.57,51.01,30.66,13.61,2.37
Chile,152,IPUMS,7/1/1982,4.5,21.61,6.95,6.15,37.86,7.79,6.5,1.29,28.91,12.35,0,51.8,32.2,15.84,1.8
Chile,152,IPUMS,7/1/1992,3.98,25.37,8.32,7.23,40.22,8.35,7.14,1.21,27.43,8.46,0,55.8,32.02,15.38,1.84
Chile,152,DYB,7/1/2002,3.57,31.52,11.61,9.66,47.32,..,..,..,..,..,..,..,..,..,..
Chile,152,IPUMS,7/1/2002,3.58,31.54,11.43,9.19,37.43,9.43,8.02,1.41,26.47,6.06,0,56.05,32.94,13.8,2
China,156,IPUMS,7/1/1982,4.41,17.57,7.99,4.79,..,..,..,..,..,0.3,87.51,..,36.92,17.7,0.6
China,156,IPUMS,7/1/1990,3.95,14.46,6.32,6.49,..,..,..,..,..,0.38,87.57,..,35.91,18.03,0.62
China,156,IPUMS,7/1/2000,3.38,14.8,8.59,12.82,46.96,5.4,3.55,1.86,..,..,26.23,65.18,32.18,17.73,1.91
China,156,DYB,7/1/2010,..,..,..,..,..,..,..,..,..,..,..,..,..,..,..
"China, Hong Kong SAR",344,DYB,7/1/2006,2.98,32.17,16.51,..,..,..,..,..,..,..,83.49,..,..,..,..
"China, Hong Kong SAR",344,DYB,7/1/2011,2.91,36.09,17.06,14.97,39.44,11.93,..,..,..,..,16.61,66.33,..,..,..
"China, Hong Kong SAR",344,DYB,7/1/2016,2.83,37.84,18.29,15.46,36.66,11.86,..,..,..,..,17.73,63.98,..,..,..
"China, Macao SAR",446,DYB,7/1/2011,3.08,..,15.22,14,38.18,8.59,..,..,..,..,24.02,60.77,..,..,..
"China, Macao SAR",446,DYB,7/1/2016,3.07,..,15.13,14.6,36.5,9,..,..,..,..,24.77,60.1,..,..,..
Colombia,170,IPUMS,7/1/1973,5.68,27.01,5.92,3.96,31.8,10.04,8.44,1.6,27.1,19.29,1.89,45.8,28.45,14.1,1.83
Colombia,170,IPUMS,7/1/1985,5.06,22.64,5.95,4.97,38.64,8.26,6.9,1.35,27.97,14.22,0,51.87,34.09,16.76,1.57
Colombia,170,DHS,6/26/1990,4.64,22.79,6.62,5.42,38.56,9.3,8.07,1.23,28.44,11.65,0.01,53.27,34.11,17.88,1.6
Colombia,170,IPUMS,7/1/1993,4.49,24.45,6.83,5.92,38.5,10.06,8.43,1.63,27.81,10.89,0,54.48,31.39,14.7,1.49
Colombia,170,DHS,5/22/1995,4.44,23.62,6.39,5.71,41.02,9.42,8.29,1.13,27.82,9.6,0.05,56.14,33.95,18.73,1.65
Colombia,170,DHS,4/18/2000,4.2,27.99,7.67,5.89,37.67,10.67,9.5,1.17,30.14,7.96,0,54.23,36.32,19.92,2.04
Colombia,170,DHS,2/17/2005,4.11,30.28,7.65,6.52,36.44,11.19,9.92,1.26,32.71,5.49,0,54.15,38.62,21.1,2.36
Colombia,170,DYB,7/1/2005,3.9,29.91,11.13,7.24,37.11,12.01,..,..,..,..,32.5,56.37,..,..,..
Colombia,170,IPUMS,7/1/2005,3.83,29.78,11.37,7.36,37.2,11.75,10.03,1.72,24.72,7.61,0,56.3,31.94,15.19,1.65
Colombia,170,DHS,6/4/2010,3.77,33.97,9.44,7.77,36.16,12.38,11.04,1.34,30.06,4.19,0,56.31,36.46,18.86,2.42
Colombia,170,DHS,8/28/2015,3.53,36.42,11.13,9.78,34.19,12.7,11.44,1.26,28.93,3.28,0,56.67,38.25,18.07,2.32
Comoros,174,DHS,5/1/1996,6.31,32.3,2.31,3.56,27.85,7.61,6.94,0.67,50.62,8.05,0,39.01,40.52,21.84,2.76
Comoros,174,DHS,10/15/2012,5.37,39.3,4.91,4.58,36.17,8.93,7.77,1.16,38.07,7.07,0.27,49.68,34.73,17.67,3.29
"Congo, Dem. Rep.",178,DHS,9/15/2005,5.17,23.27,8.86,4.78,28.63,6.55,4.99,1.57,47.39,3.79,0,39.96,27.33,20.45,3.28
"Congo, Dem. Rep.",178,DHS,4/30/2009,4.2,22.54,12.27,5.28,34,9.93,6.99,2.94,36.06,2.32,0.13,49.22,18.87,12.66,3.16
"Congo, Dem. Rep.",178,DHS,11/26/2011,4.31,23.03,13.09,5.84,34.45,8.21,6.02,2.19,35.84,2.57,0,48.5,17.97,13.32,3.35
Cook Islands,184,DYB,7/1/1996,..,..,..,..,..,..,..,..,..,..,..,..,..,..,..
Cook Islands,184,DYB,7/1/2006,..,..,..,..,..,..,..,..,..,..,..,..,..,..,..
Cook Islands,184,DYB,7/1/2011,..,..,..,..,..,..,..,..,..,..,..,..,..,..,..
Costa Rica,188,IPUMS,7/1/1973,5.59,16.21,4.73,5.85,47.1,7.79,6.56,1.23,24.66,9.88,0,60.73,..,..,..
Costa Rica,188,IPUMS,7/1/1984,4.68,17.53,5.36,6.74,49.97,8.29,7.21,1.09,22.06,7.58,0,65,29.44,12.96,0.99
Costa Rica,188,IPUMS,7/1/2000,3.95,22.7,8,8.49,48.99,11.16,10.01,1.15,18.39,4.96,0,68.64,29.91,10.57,1.12
Costa Rica,188,DYB,7/1/2011,3.46,29.98,11.27,10.68,41.76,13.82,..,..,..,..,22.46,66.26,..,..,..
Costa Rica,188,IPUMS,7/1/2011,3.46,30.12,11.23,10.76,41.25,13.71,12.17,1.54,19.42,3.64,0,65.71,34.66,11.33,1.29
Cote d'Ivoire,384,DHS,9/3/1994,6.22,15.11,13.88,3.88,19.54,3.72,2.55,1.17,46.06,12.88,0.04,27.14,23.63,18.4,2.45
Cote d'Ivoire,384,DHS,12/17/1998,6.19,14.24,11.41,5.05,18.14,3.21,2.2,1.01,46.58,15.53,0.09,26.39,25.86,18.4,2.21
Cote d'Ivoire,384,DHS,9/14/2005,5.48,18.32,11.44,3.78,23.84,4.15,2.49,1.66,45.78,10.92,0.09,31.77,24.31,16.47,2.34
Cote d'Ivoire,384,DHS,3/2/2012,5.09,17.94,12.18,4.61,25.32,5.26,3.03,2.24,41.08,11.54,0.01,35.19,23.6,16.78,3.38
Croatia,191,DYB,7/1/2001,2.99,30.3,20.79,15.76,36.15,9.12,..,..,..,..,18.19,61.02,..,..,..
Croatia,191,DYB,7/1/2011,2.8,41.34,24.56,16.87,32.78,10.04,..,..,..,..,15.74,59.7,..,..,..
Cuba,192,IPUMS,7/1/2002,3.14,40.72,13.73,11.67,30.72,11.87,10.19,1.69,28.61,3.4,0,54.26,35.9,16.36,3.65
Cyprus,196,DYB,7/1/2001,3.06,..,16.02,23.73,49.49,5.73,..,..,..,..,5.03,78.96,..,..,..
Cyprus,196,LFS,7/1/2001,2.96,..,..,..,..,..,..,..,..,..,..,..,..,..,..
Cyprus,196,DYB,7/1/2011,2.76,23.77,20.76,23.65,36.59,6.16,..,..,..,..,12.83,66.4,..,..,..
Cyprus,196,LFS,7/1/2011,2.75,..,..,..,..,..,..,..,..,..,..,..,..,..,..
Czech Republic,203,DYB,7/1/2001,2.41,28.92,30.27,28.31,25.3,12.88,..,..,..,..,3.24,66.49,..,..,..
Czech Republic,203,LFS,7/1/2001,2.6,..,..,..,..,..,..,..,..,..,..,..,..,..,..
Czech Republic,203,DYB,7/1/2011,2.34,..,32.51,18.84,24.5,10.29,..,..,..,..,13.86,53.64,..,..,..
Czech Republic,203,LFS,7/1/2011,2.4,..,..,..,..,..,..,..,..,..,..,..,..,..,..
Dem. People's Rep. of Korea,408,DYB,7/1/2008,3.93,8.14,..,..,..,..,..,..,..,..,..,..,..,..,..
"Congo, Dem. Rep.",180,DHS,5/9/2007,5.45,20.8,6.73,4.66,38.34,7.84,6.65,1.18,40.35,2.03,0.06,50.84,25.24,16.02,3.21
"Congo, Dem. Rep.",180,DHS,11/10/2013,5.3,24.95,7.25,4.71,36.7,10.7,9.05,1.65,38.54,2.1,0,52.11,24.86,18.8,4.38
Dominican Republic,214,IPUMS,7/1/1981,5,21.73,9.15,5.83,36.84,9.63,7.53,2.1,28.89,9.65,0,52.3,28.94,14.43,2.72
Dominican Republic,214,DHS,9/18/1991,..,..,..,..,..,..,..,..,..,..,..,..,..,..,..
Dominican Republic,214,DHS,10/26/1996,4.3,26.85,8.31,7.13,35.36,8.99,7.43,1.56,34.36,5.83,0.02,51.48,28.99,17.4,4.07
Dominican Republic,214,DHS,10/18/1999,4.21,32.89,8.15,5.12,32.06,10.95,8.85,2.1,33.22,10.32,0.18,48.14,30.72,16.91,4.25
Dominican Republic,214,DYB,7/1/2002,3.9,35.29,10.6,..,..,..,..,..,..,..,..,..,..,..,..
Dominican Republic,214,IPUMS,7/1/2002,3.96,35.38,9.92,7.62,39.08,12.64,10.22,2.42,27.59,3.14,0,59.34,30.04,13.89,3.46
Dominican Republic,214,DHS,9/26/2002,3.93,27.86,11.04,8,36.19,10.46,8.6,1.86,28.72,5.41,0.18,54.65,24.58,13.17,4.4
Dominican Republic,214,DHS,5/27/2007,3.71,35.31,12.23,7.8,32.08,13.15,10.88,2.26,29.68,4.77,0.31,53.02,25.94,13.14,4.95
Dominican Republic,214,DYB,7/1/2010,3.53,37.52,14.6,..,..,..,..,..,..,..,..,..,..,..,..
Dominican Republic,214,IPUMS,7/1/2010,3.58,37.97,13.57,8.18,31.62,13.24,11.17,2.07,30.07,3.32,0,53.04,28.99,13.46,3.89
Dominican Republic,214,DHS,9/2/2013,3.48,39.97,14.33,8.89,28.6,13.17,10.8,2.37,28.49,6.37,0.14,50.67,26.21,11.82,4.59
Ecuador,218,IPUMS,7/1/1974,5.37,19.43,6.94,4.91,38.32,9.72,7.81,1.91,27.13,12.87,0.11,52.95,28.96,15.3,2
Ecuador,218,IPUMS,7/1/1982,5.06,18.74,7.69,5.33,41.59,9.02,7.31,1.71,26.48,9.89,0,55.94,26.72,13.63,1.65
Ecuador,218,IPUMS,7/1/1990,4.68,19.66,7.64,5.95,43.53,9.37,7.87,1.5,23.67,9.84,0,58.85,27.07,12.21,1.51
Ecuador,218,DYB,7/1/2001,4.19,25.41,..,..,..,..,..,..,..,..,..,..,..,..,..
Ecuador,218,IPUMS,7/1/2001,4.19,25.43,9.16,6.47,37.32,10.97,8.94,2.03,30.28,5.8,0,54.76,29.22,13,1.82
Ecuador,218,DYB,7/1/2010,3.78,28.69,..,..,..,..,..,..,..,..,..,..,..,..,..
Ecuador,218,IPUMS,7/1/2010,3.78,28.58,12.12,7.22,36.05,12.42,10.48,1.94,28.02,4.16,0,55.7,29.12,12.97,1.92
Egypt,818,IPUMS,7/1/1986,4.85,12.64,6.62,7.49,55.51,8.86,6.19,2.66,20.21,1.26,0.05,71.85,..,..,..
Egypt,818,DHS,12/23/1992,5.65,11.69,4.61,5.4,55.3,6.39,5.55,0.83,27.85,0.39,0.07,67.08,41.88,18.76,0.27
Egypt,818,DHS,12/19/1995,5.33,12.64,5.4,6.15,57.72,7.3,6.41,0.89,23.21,0.22,0.01,71.17,39.88,15.5,0.5
Egypt,818,IPUMS,7/1/1996,4.64,13.96,6.39,8.48,62.37,9.18,8.05,1.13,12.93,0.65,0,80.03,..,..,..
Egypt,818,DHS,3/20/2000,5.25,12,4.97,6.03,59.74,6.88,5.85,1.03,22.09,0.29,0,72.65,40.21,14.66,0.48
Egypt,818,DHS,6/6/2003,5.05,12.83,5.76,6.94,55.44,7.24,6.22,1.02,24.37,0.26,0,69.62,40.43,15.83,0.42
Egypt,818,DHS,6/2/2005,4.88,12.34,5.27,7.59,61.05,7.07,6.14,0.93,18.78,0.24,0,75.71,39.02,12.59,0.36
Egypt,818,IPUMS,7/1/2006,4.19,13.84,6.6,9.75,64.28,9.55,7.97,1.59,9.29,0.52,0,83.58,32.16,4.61,0.21
Egypt,818,DHS,4/23/2008,4.61,13.45,5.48,8.67,61.34,7.79,7.09,0.7,16.52,0.2,0,77.8,37.36,11.33,0.34
Egypt,818,DHS,5/20/2014,4.13,12.93,6.48,10.53,65.04,7.09,6.21,0.88,10.73,0.13,0,82.66,30.63,7.54,0.23
El Salvador,222,IPUMS,7/1/1992,4.62,27.08,7.55,5.44,33.63,9.84,7.9,1.94,38.57,4.98,0,48.9,28.2,15.88,4.15
El Salvador,222,IPUMS,7/1/2007,4.07,34.8,8.82,6.84,36.64,13.24,11.51,1.74,31.17,3.28,0,56.72,35.29,18.91,3.7
Estonia,233,DYB,7/1/2000,2.35,55.66,33.52,16.97,26,12.14,..,..,..,..,11.37,55.11,..,..,..
Estonia,233,LFS,7/1/2001,2.63,..,..,..,..,..,..,..,..,..,..,..,..,..,..
Estonia,233,LFS,7/1/2011,2.3,..,..,..,..,..,..,..,..,..,..,..,..,..,..
Ethiopia,231,IPUMS,7/1/1994,4.78,22.34,6.11,5.97,48.04,13.03,11.6,1.43,..,..,26.85,67.04,..,..,..
Ethiopia,231,DHS,4/1/2000,4.82,23.54,5.13,4.23,43.86,10.89,9.79,1.1,28.56,7.32,0.02,58.98,24.27,11.98,4
Ethiopia,231,DHS,6/28/2005,5.03,22.76,5,3.68,48.75,9.89,8.72,1.17,27.69,4.98,0.01,62.32,25.58,11.76,3.77
Ethiopia,231,DYB,7/1/2007,4.69,23.52,..,..,..,..,..,..,..,..,..,..,..,..,..
Ethiopia,231,IPUMS,7/1/2007,4.45,24.19,8.34,5.39,48.23,12.2,10.96,1.24,21.12,4.74,0,65.81,18.22,6.3,2.97
Ethiopia,231,DHS,3/16/2011,4.64,26.07,7.58,4.67,45.94,10.24,9.35,0.9,26.88,4.66,0.03,60.85,21.91,10.81,4.39
Ethiopia,231,DHS,4/7/2016,4.61,25.36,7.52,4.77,47.07,11.65,10.25,1.4,25.37,3.63,0,63.48,22.52,11.67,4.09
Fiji,242,IPUMS,7/1/1966,6.3,9.55,..,..,..,..,..,..,..,..,..,..,..,..,..
Fiji,242,IPUMS,7/1/1976,5.96,11.64,3.21,4.7,38.23,4.53,3.65,0.88,41.92,7.42,0,47.46,32.97,20.29,1.54
Fiji,242,IPUMS,7/1/1986,5.85,13.28,3.62,4.28,30.76,3.94,3.01,0.92,53.7,3.68,0.03,38.98,38.57,25.44,2.28
Fiji,242,IPUMS,7/1/1996,5.31,13.27,3.98,4.86,37.16,5.04,3.76,1.28,46.18,2.78,0,47.06,36.38,21.67,1.78
Fiji,242,IPUMS,7/1/2007,4.78,14.67,5.55,7.1,30.31,5.18,3.8,1.38,49.02,2.84,0,42.59,42.41,21.66,2.43
Fiji,242,IPUMS,7/1/2014,4.57,16.09,5.94,8.84,38.1,5.8,4.2,1.6,39.97,1.33,0,52.75,45.06,22.13,2.15
Finland,246,DYB,7/1/2010,2.07,43.25,41.01,26.88,21.43,6.68,..,..,..,..,4.01,54.99,..,..,..
France,250,IPUMS,7/1/1962,3.11,22.21,19.6,20.96,..,..,..,..,..,4.89,54.55,..,..,..,..
France,250,IPUMS,7/1/1968,3.06,21.69,20.26,21.05,..,..,..,..,..,3.93,54.76,..,..,..,..
France,250,IPUMS,7/1/1975,2.88,22.01,22.18,22.29,..,..,..,..,..,2.48,53.05,..,..,..,..
France,250,IPUMS,7/1/1982,2.71,21.95,24.65,23.17,..,..,..,..,..,1.7,50.48,..,..,..,..
France,250,IPUMS,7/1/1990,2.57,23.59,27.13,23.69,..,..,..,..,..,1.32,47.86,..,..,..,..
France,250,IPUMS,7/1/1999,2.4,26.38,30.98,24.79,..,..,..,..,..,1.02,43.21,..,..,..,..
France,250,LFS,7/1/2001,2.35,..,..,..,..,..,..,..,..,..,..,..,..,..,..
France,250,IPUMS,7/1/2006,2.31,27.98,32.84,25.78,..,..,..,..,..,1.08,40.3,..,..,..,..
France,250,IPUMS,7/1/2011,2.26,28.53,34.1,25.85,..,..,..,..,..,1.33,38.71,..,..,..,..
France,250,LFS,7/1/2011,2.25,..,..,..,..,..,..,..,..,..,..,..,..,..,..
France,250,DYB,7/1/2015,2.22,29.25,35.46,25.8,25.54,8.57,..,..,..,..,4.62,59.92,..,..,..
French Guiana,254,DYB,7/1/2015,3.45,35.98,22.61,10.72,26.43,20.02,..,..,..,..,20.21,57.18,..,..,..
French Polynesia,258,DYB,7/1/2007,..,14.18,13.18,13.8,40.26,7.45,..,..,..,..,25.31,61.51,..,..,..
Gabon,266,DHS,10/19/2000,4.97,25.92,19.29,7.52,13.94,5.33,3.95,1.38,38.47,15.46,0,26.79,24.76,17.88,3.67
Gabon,266,DHS,3/8/2012,4.1,29.98,22.42,7.31,19.52,8.63,6.98,1.64,38.83,3.27,0.02,35.45,21.71,15.06,3
"Gambia, The",270,DHS,3/13/2013,8.23,22.32,8.39,2.16,21.36,4.78,3.83,0.95,56.23,6.92,0.16,28.3,45.56,32.31,1.39
Georgia,268,DYB,7/1/2002,3.52,..,16.3,..,..,..,..,..,..,..,..,..,..,..,..
Georgia,268,DYB,7/1/2014,3.34,36.11,17.48,10.25,25.67,11.22,..,..,..,..,35.38,47.14,..,..,..
Germany,276,LFS,7/1/2005,2.12,..,..,..,..,..,..,..,..,..,..,..,..,..,..
Germany,276,DYB,7/1/2011,2.14,27.59,37.27,28.39,23.32,7.33,..,..,..,..,3.69,59.04,..,..,..
Germany,276,LFS,7/1/2011,2.05,..,..,..,..,..,..,..,..,..,..,..,..,..,..
Ghana,288,IPUMS,7/1/1984,5.01,31.42,18.67,3.13,20.32,13.62,10.39,3.23,..,..,44.25,37.07,25.76,17.17,3.42
Ghana,288,DHS,12/3/1993,3.77,37.15,24.32,3.37,23.94,19.38,16.8,2.58,25.95,3.04,0,46.69,12.59,8.12,4.68
Ghana,288,DHS,1/3/1999,3.61,36.66,26.13,4.08,24.57,16.72,14.47,2.25,26.41,2.08,0,45.37,16.7,10.4,4.95
Ghana,288,IPUMS,7/1/2000,5.08,34.33,12.59,2.81,16.15,8.91,6.98,1.93,50.21,9.34,0,27.86,25.73,13.41,3.49
Ghana,288,DHS,9/23/2003,4.03,33.8,20.76,3.48,26.4,13.58,11.47,2.11,32.81,2.91,0.07,43.46,20.79,13.24,5.14
Ghana,288,DHS,10/16/2008,3.75,33.65,21.93,4.65,27.13,14.49,11.56,2.93,29.66,2.15,0,46.26,21.29,11.06,4.68
Ghana,288,DYB,7/1/2010,4.4,34.67,17.57,3.81,24.46,12.94,..,..,..,..,41.22,41.21,..,..,..
Ghana,288,IPUMS,7/1/2010,4.41,34.6,17.57,3.85,24.39,12.91,10.25,2.66,36.12,5.16,0,41.15,27.39,13.94,3.4
Ghana,288,DHS,10/22/2014,3.49,33.81,25.88,5.53,27.15,13.89,11.9,1.99,25.31,2.24,0,46.57,17.58,9.69,4.92
Greece,300,IPUMS,7/1/1971,3.39,15.36,11.26,14.84,41.25,5.64,4.71,0.94,24.09,0.87,2.05,61.73,31.49,14.23,1.21
Greece,300,IPUMS,7/1/1981,3.14,15.88,14.16,18.77,43.44,4.55,3.69,0.87,18.02,1.06,0,66.76,26.97,10.65,0.5
Greece,300,IPUMS,7/1/1991,2.97,20.39,16.34,20.11,42.42,5.37,4.36,1.01,14.68,1.08,0,67.9,29.26,7.99,0.38
Greece,300,DYB,7/1/2001,2.8,27.53,19.75,20.32,37.71,7.53,..,..,..,..,14.69,65.56,..,..,..
Greece,300,IPUMS,7/1/2001,2.8,27.5,19.83,20.36,37.73,6.65,5.53,1.11,12.04,3.4,0,64.73,30.77,5.88,0.41
Greece,300,LFS,7/1/2001,2.64,..,..,..,..,..,..,..,..,..,..,..,..,..,..
Greece,300,IPUMS,7/1/2011,2.56,24.58,25.74,20.75,33.72,8.15,7.02,1.13,..,..,11.64,62.61,..,..,..
Greece,300,LFS,7/1/2011,2.44,..,..,..,..,..,..,..,..,..,..,..,..,..,..
Guadeloupe,312,DYB,7/1/2015,2.3,42.35,34.52,14.99,20.41,21.17,..,..,..,..,8.92,56.56,..,..,..
Guatemala,320,IPUMS,7/1/1964,5.23,15.67,5.49,4.68,46.01,8.92,6.9,2.02,26.08,8.82,0,59.61,26.9,15.49,1.8
Guatemala,320,IPUMS,7/1/1973,4.99,15.54,4.73,6.69,49.07,9.1,6.92,2.18,22.47,7.48,0.46,64.86,25.33,13.12,1.74
Guatemala,320,IPUMS,7/1/1981,5.2,14.07,3.89,5.34,52.79,7.38,6.06,1.32,25.25,5.18,0.16,65.51,27.57,13.92,1.59
Guatemala,320,IPUMS,7/1/1994,5.21,18.22,4.15,5.15,49.1,8.03,6.7,1.33,25.93,7.66,0,62.27,29.15,14.92,1.68
Guatemala,320,DHS,9/12/1995,5.26,19.87,3.8,5.23,46.82,9.73,8.08,1.65,27.24,7.09,0.08,61.79,32.79,20.02,2.04
Guatemala,320,DHS,2/7/1999,5.28,19.53,4.1,4.95,47.79,9.18,8.3,0.89,28.23,5.74,0.01,61.92,33.58,19.24,1.94
Guatemala,320,IPUMS,7/1/2002,5.08,22.83,4.87,5.31,48.05,9.77,7.96,1.8,27.07,4.92,0,63.13,34.25,19.4,1.84
Guatemala,320,DHS,2/26/2015,4.81,25.05,4.33,5.28,42.84,12.58,11.4,1.18,30.78,4.19,0,60.7,38.7,22.7,2.18
Guinea,324,IPUMS,7/1/1983,6.23,12.56,5.71,5.88,23.38,5.45,4.47,0.97,48.64,10.75,0.19,34.71,..,..,..
Guinea,324,IPUMS,7/1/1996,6.78,15.39,5.88,3.66,19.44,5.48,4.59,0.89,51.89,11.72,1.94,28.58,28.23,18.95,2.77
Guinea,324,DHS,6/6/1999,6.62,12.8,4.64,3.55,27.6,4.65,3.46,1.19,54.7,4.58,0.27,35.81,32.6,23.2,2.73
Guinea,324,DHS,4/15/2005,6.09,16.67,5.4,3.41,30.32,5.2,4.45,0.75,53.53,2.09,0.04,38.94,28.62,20.48,3.38
Guinea,324,DHS,8/6/2012,6.25,17.3,4.53,3.26,28.75,5.42,4.19,1.22,53.84,4.17,0.02,37.43,32.33,24.35,3.74
Guyana,328,DHS,7/31/2005,4.16,35.29,9.7,8.36,36.64,9.71,8.36,1.35,33.07,2.32,0.19,54.72,34.85,17.35,4.23
Guyana,328,DHS,5/20/2009,3.8,33.57,12.87,9.73,33.34,11.64,9.95,1.69,30.27,2.11,0.04,54.71,30.6,15.76,3.55
Haiti,332,IPUMS,7/1/1971,4.6,27.44,9.35,5.01,28.74,11.6,9.04,2.55,30.9,14.2,0.19,45.35,..,..,..
Haiti,332,DHS,10/1/1994,5.02,38.65,8.07,4.27,24.28,8.69,6.64,2.05,37.02,17.65,0.02,37.24,29.24,17.56,4.23
Haiti,332,DHS,4/30/2000,4.69,42.66,8.2,4.19,25.68,11.28,8.8,2.48,35.28,15.37,0,41.15,27.43,16.04,4.64
Haiti,332,IPUMS,7/1/2003,4.68,38.57,8.82,5.15,25.81,10.82,8.45,2.37,39.79,9.62,0,41.77,31.66,15.09,3.81
Haiti,332,DHS,2/3/2006,4.61,43.63,8.62,4.14,24.37,12.13,9.7,2.44,40.68,10.06,0,40.64,29.7,17.26,4.28
Haiti,332,DHS,4/6/2012,4.43,40.6,9.89,4.56,23.55,10.88,8.34,2.54,42.34,8.76,0.03,38.99,29.7,17.5,4.04
Haiti,332,DHS,1/26/2017,4.29,45.08,9.43,4.66,23.41,12.68,10.29,2.39,43.51,6.31,0,40.75,31.58,18.14,4.46
Honduras,340,IPUMS,7/1/1974,5.67,22.26,4.49,4.1,41.66,9.1,7.88,1.22,29.31,11.33,0,54.86,27.32,17.76,2.48
Honduras,340,IPUMS,7/1/1988,5.52,21.83,4.73,3.86,43.23,8.85,7.46,1.38,32.24,7.11,0,55.93,29.01,18.32,2.46
Honduras,340,IPUMS,7/1/2001,5,25.01,5.33,4.5,40.67,9.84,8.13,1.71,33.19,6.48,0,55,30.7,17.98,2.67
Honduras,340,DHS,2/7/2006,4.8,26.02,5.52,4.7,40.01,10.52,9.13,1.39,31.08,8.15,0.01,55.23,32.36,20.57,3.15
Honduras,340,DHS,2/21/2012,4.47,27.99,6.69,5.16,35.15,10.65,8.79,1.87,33.4,8.94,0.01,50.96,34.96,21.92,3.22
Hungary,348,IPUMS,7/1/1970,3.29,18.03,10.74,18.13,35.62,5.34,4.62,0.71,2.14,0,28.04,59.09,..,..,..
Hungary,348,IPUMS,7/1/1980,2.79,22.32,19.85,20.46,..,..,..,..,..,0.93,58.75,..,..,..,..
Hungary,348,IPUMS,7/1/1990,2.6,26.52,24.45,19.79,..,..,..,..,..,1.19,54.57,..,..,..,..
Hungary,348,DYB,7/1/2001,2.57,28.24,26.25,20.84,31.22,9.3,..,..,..,..,12.4,61.36,..,..,..
Hungary,348,IPUMS,7/1/2001,2.57,28.28,26.32,20.14,31.86,9.75,8.5,1.25,..,..,0,61.75,..,..,..
Hungary,348,LFS,7/1/2001,2.62,..,..,..,..,..,..,..,..,..,..,..,..,..,..
Hungary,348,DYB,7/1/2011,2.36,32.64,32.08,19.85,26.74,11.05,..,..,..,..,10.27,57.64,..,..,..
Hungary,348,IPUMS,7/1/2011,2.36,32.62,32.23,19.2,26.51,10.78,9.35,1.42,..,..,11.27,56.49,..,..,..
Hungary,348,LFS,7/1/2011,2.6,..,..,..,..,..,..,..,..,..,..,..,..,..,..
India,356,IPUMS,7/1/1983,5.09,10,7.82,5.54,40.15,5.43,4.1,1.33,39,1.61,0.45,51.12,39.12,23.98,0.65
India,356,IPUMS,7/1/1987,5,10.18,7.24,6,42.42,5.39,4.2,1.19,37.63,1.13,0.19,53.81,39.21,23.91,0.64
India,356,DHS,12/3/1992,5.7,9.17,3.18,4.27,36.48,4.59,3.04,1.55,49.73,1.67,0.08,45.34,49.07,33.58,0.84
India,356,IPUMS,7/1/1993,4.78,9.87,6.95,6.9,45.33,5.09,4.05,1.04,34.84,0.71,0.19,57.32,38.42,22.58,0.66
India,356,IPUMS,7/1/1999,4.87,10.13,6.56,6.3,46.4,5.25,4.24,1.02,34.66,0.62,0.21,57.95,39.72,23.48,0.62
India,356,DHS,9/21/1999,5.43,10.22,3.44,4.88,38.88,4.76,3.3,1.46,46.96,1.06,0.03,48.51,47.77,32.02,0.93
India,356,DYB,7/1/2001,5.29,..,..,..,..,..,..,..,..,..,..,..,..,..,..
India,356,IPUMS,7/1/2004,4.69,11.24,6.92,7.2,45.7,5.69,4.71,0.97,34.07,0.42,0,58.59,40.77,24.11,0.59
India,356,DHS,4/20/2006,4.84,14.27,5.49,6.82,38.09,6.46,5.03,1.43,37.93,5.2,0.02,51.37,43.41,28.12,1.18
India,356,IPUMS,7/1/2009,4.42,11.73,7.66,8.68,46.68,5.42,4.53,0.89,31.22,0.26,0.08,60.78,40.23,22.26,0.53
India,356,DHS,12/28/2015,4.57,14.62,4.11,8.03,41.49,6.26,5.37,0.89,37.14,2.97,0,55.78,50.25,29.39,0.97
Indonesia,360,IPUMS,7/1/1971,4.84,16.24,4.67,6.9,46.94,7.7,6.45,1.25,27.36,4.08,2.35,61.54,26.13,14.33,2.23
Indonesia,360,IPUMS,7/1/1976,4.9,15.16,4.67,7.08,49.73,7.03,6.07,0.96,28.69,2.8,0,63.85,28.81,15.7,2.16
Indonesia,360,IPUMS,7/1/1980,4.82,14.3,4.64,7.49,48.71,6.32,5.43,0.89,28.86,3.98,0,62.52,29.58,16.03,2.08
Indonesia,360,IPUMS,7/1/1985,4.68,13.05,4.88,7.44,52.4,5.93,4.97,0.96,26.37,2.98,0,65.77,29.13,14.91,1.91
Indonesia,360,IPUMS,7/1/1990,4.48,13.37,5.42,7.83,51.35,5.91,4.89,1.02,25.79,3.7,0,65.09,29.47,14.52,1.93
Indonesia,360,DHS,6/28/1991,4.63,13.02,4.74,6.98,52.43,5.24,4.28,0.96,27.33,3.26,0.02,64.65,32.2,16.28,2.06
Indonesia,360,DHS,9/15/1994,4.47,12.79,5.53,6.89,50.97,5.08,4.2,0.88,28.19,3.31,0.01,62.95,32.05,16.69,2.32
Indonesia,360,IPUMS,7/1/1995,4.23,12.96,5.7,8.22,55.35,5.51,4.56,0.95,22.69,2.54,0,69.07,29.78,13.02,1.88
Indonesia,360,DHS,10/31/1997,4.31,12.23,4.83,7.94,53.08,5.02,4.14,0.88,26.36,2.77,0,66.04,31.32,16.2,2.22
Indonesia,360,IPUMS,7/1/2000,3.94,12.21,6.68,9.86,54.6,6.34,4.79,1.55,..,..,22.52,70.81,..,..,..
Indonesia,360,DHS,1/15/2003,4.32,11.84,5.14,7.43,51.37,4.39,3.13,1.26,29.65,2.01,0.01,63.19,35.59,18.79,1.83
Indonesia,360,IPUMS,7/1/2005,3.95,12.64,6.03,9.12,56.4,6.05,4.69,1.35,20.78,1.62,0,71.57,32.64,11.83,1.54
Indonesia,360,DHS,9/18/2007,4.1,12.86,5.87,8.77,46.7,5.38,4.08,1.31,31.1,2.14,0.03,60.85,36.28,19.34,2.25
Indonesia,360,IPUMS,7/1/2010,3.85,13.82,8.26,9.06,49.9,6.06,4.62,1.44,24.57,2.16,0,65.02,31.73,14.27,1.76
Indonesia,360,DHS,6/30/2012,3.99,14.74,6.96,8.01,44.04,5.96,4.14,1.82,32.6,2.36,0.05,58.02,36.53,20.67,2.47
Indonesia,360,DHS,8/15/2017,3.86,14.81,7.1,9.45,45.66,5.64,4.03,1.61,30.53,1.61,0.01,60.75,37.77,20.24,2.27
"Iran, Islamic Rep.",364,DYB,7/1/1996,4.76,8.37,..,..,..,..,..,..,..,..,..,..,..,..,..
"Iran, Islamic Rep.",364,DYB,7/1/2006,..,9.46,5.2,..,..,..,..,..,..,..,94.8,..,..,..,..
"Iran, Islamic Rep.",364,IPUMS,7/1/2006,4.05,9.56,4.8,12.12,66.17,5.29,4.73,0.56,10.14,0.12,1.37,83.57,33.03,5.49,0.21
"Iran, Islamic Rep.",364,DYB,7/1/2011,3.51,12.07,7.16,..,..,..,..,..,..,..,92.84,..,..,..,..
"Iran, Islamic Rep.",364,IPUMS,7/1/2011,3.49,12.1,7.2,14.65,64.7,7,5.99,1.01,6.17,0.1,0.18,86.35,30.91,3.03,0.16
"Iran, Islamic Rep.",364,DYB,7/1/2016,..,12.69,..,..,..,..,..,..,..,..,..,..,..,..,..
Iraq,368,IPUMS,7/1/1997,7.7,10.45,1.23,2.66,50.46,5.45,4.68,0.77,36.68,0.36,3.17,58.57,47.94,23.71,0.15
Ireland,372,IPUMS,7/1/1971,3.93,20.08,14.28,10.07,40.31,8.69,6.73,1.96,..,..,26.65,59.07,..,..,..
Ireland,372,IPUMS,7/1/1979,3.75,21.23,16.24,11.1,43.75,7.78,6.16,1.62,..,..,21.13,62.63,..,..,..
Ireland,372,IPUMS,7/1/1981,3.66,22.04,17.11,11.09,43.74,7.67,6.11,1.55,..,..,20.39,62.49,..,..,..
Ireland,372,IPUMS,7/1/1986,3.55,23.7,18.37,11.02,43.9,8.18,6.68,1.5,..,..,18.54,63.09,..,..,..
Ireland,372,IPUMS,7/1/1991,3.35,26.69,20.08,11.8,41.73,8.52,7.04,1.48,9.25,7.16,1.46,62.05,23.25,3.59,0.17
Ireland,372,DYB,7/1/1996,3.14,30.17,..,..,..,..,..,..,..,..,..,..,..,..,..
Ireland,372,IPUMS,7/1/1996,3.15,30.35,21.28,13.78,41.01,9.64,8.06,1.58,9.34,4.95,0,64.43,..,..,..
Ireland,372,DYB,7/1/2002,2.94,36.82,21.55,16.42,38,10.19,..,..,..,..,13.84,64.6,..,..,..
Ireland,372,IPUMS,7/1/2002,3.09,36.61,19.85,15.45,38.23,9.23,7.82,1.41,10.17,7.08,0,62.9,..,..,..
Ireland,372,DYB,7/1/2006,2.81,39.32,22.42,18.34,35.2,10.38,..,..,..,..,13.65,63.93,..,..,..
Ireland,372,IPUMS,7/1/2006,2.92,38.83,20.67,17.61,35.53,9.65,8.3,1.35,8.36,7.68,0.52,62.78,22.59,2.31,0.21
Ireland,372,LFS,7/1/2006,2.84,..,..,..,..,..,..,..,..,..,..,..,..,..,..
Ireland,372,DYB,7/1/2011,2.73,40.44,23.7,18.94,34.93,10.87,..,..,..,..,11.57,64.74,..,..,..
Ireland,372,IPUMS,7/1/2011,2.81,40.05,22.19,18.54,34.91,10.1,8.75,1.35,7.64,6.61,0,63.56,21.22,2.13,0.26
Ireland,372,LFS,7/1/2011,2.77,..,..,..,..,..,..,..,..,..,..,..,..,..,..
Isle of Man,833,DYB,7/1/2016,2.28,..,..,..,..,..,..,..,..,..,..,..,..,..,..
Israel,376,IPUMS,7/1/1972,3.8,13.85,12.36,17.98,54.63,4.88,3.99,0.89,8.8,0.72,0.63,77.49,24.1,4.73,0.19
Israel,376,IPUMS,7/1/1983,3.46,18.58,17.53,18.38,52.49,5.54,4.7,0.85,4.27,0.94,0.85,76.41,23.16,2.18,0.17
Israel,376,DYB,7/1/1995,3.3,30.11,20.88,16.21,48.04,7.43,..,..,..,..,7.45,71.67,..,..,..
Israel,376,IPUMS,7/1/1995,3.35,29.85,19.66,15.96,45.97,6.82,5.94,0.89,6.25,0.88,4.47,68.75,22.51,3.22,0.2
Israel,376,DYB,7/1/2008,3.14,49.34,21.01,18.4,46.15,8.49,..,..,..,..,5.95,73.05,..,..,..
Italy,380,DYB,7/1/2001,2.59,26.48,24.89,20.77,41.54,8.9,..,..,..,..,3.9,71.21,..,..,..
Italy,380,IPUMS,7/1/2001,2.59,26.52,24.97,19.46,39.73,8.02,6.59,1.44,7.23,0.59,0,67.21,29.77,3.08,0.32
Italy,380,LFS,7/1/2001,2.6,..,..,..,..,..,..,..,..,..,..,..,..,..,..
Italy,380,DYB,7/1/2011,2.4,33.04,31.15,20.19,34.67,9.91,..,..,..,..,4.07,64.77,..,..,..
Italy,380,IPUMS,7/1/2011,2.4,33.04,30.91,18.85,33.76,9.41,7.81,1.6,6.28,0.78,0,62.03,26.23,2.56,0.33
Italy,380,LFS,7/1/2011,2.4,..,..,..,..,..,..,..,..,..,..,..,..,..,..
Jamaica,388,IPUMS,7/1/1982,4.23,38.16,19.19,5.75,16.54,9.74,7.46,2.27,29.72,9.9,9.17,32.02,23.14,15.84,5.31
Jamaica,388,IPUMS,7/1/1991,3.87,38.29,19.75,6.67,20.15,11.68,9.15,2.53,32.53,7.78,1.44,38.5,25.76,16.26,4.61
Jamaica,388,IPUMS,7/1/2001,3.45,40.52,23.3,7.19,21.55,14.02,11.29,2.73,28.22,5.72,0,42.77,24.33,14.08,3.67
Jamaica,388,DYB,7/1/2011,3.06,42.37,28.17,7.21,18.67,16.2,..,..,..,..,29.75,42.08,..,..,..
Japan,392,DYB,7/1/2000,2.67,20.19,27.6,18.89,31.89,7.65,..,..,..,..,13.98,58.42,..,..,..
Japan,392,DYB,7/1/2005,2.55,22.04,29.47,19.64,29.85,8.38,..,..,..,..,12.66,57.87,..,..,..
Japan,392,DYB,7/1/2010,2.42,24.04,32.38,19.76,27.85,8.72,..,..,..,..,11.29,56.34,..,..,..
Japan,392,DYB,7/1/2015,2.33,25.29,34.53,20.1,26.79,8.9,..,..,..,..,9.67,55.79,..,..,..
Jordan,400,DHS,7/29/1997,5.99,9.58,4.68,5.3,60.83,5.89,4.92,0.97,18.94,4.32,0.05,72.01,37.66,10.26,0.34
Jordan,400,DHS,8/16/2002,5.68,11.44,4.54,5.75,62.39,7.34,6.24,1.11,17.55,2.43,0,75.48,38.76,9.99,0.3
Jordan,400,IPUMS,7/1/2004,5.37,10.47,4.67,7.74,65.93,6.59,5.86,0.74,11.09,3.98,0,80.26,33.88,5.46,0.15
Jordan,400,DHS,8/17/2007,5.27,10.3,5.28,6.7,67.12,6.5,5.82,0.68,10.39,4.01,0,80.32,35.85,5.69,0.13
Jordan,400,DHS,11/16/2009,5.09,11.43,4.6,6.93,66.76,7.36,6.44,0.91,9.74,4.6,0,81.06,34.49,5.2,0.24
Jordan,400,DHS,10/29/2012,5.07,12.95,4.35,7.45,67.76,8.06,7.41,0.65,8.68,3.7,0,83.27,38.23,5.3,0.36
Jordan,400,DHS,12/1/2017,4.72,12.19,4.36,8.45,67.52,7.64,6.76,0.88,9.94,2.08,0.02,83.61,39.36,5.43,0.26
Kazakhstan,398,DHS,7/8/1995,3.81,32.05,11.63,11.05,40.1,8.95,7.71,1.24,26.43,1.84,0,60.1,31.88,16.84,1.86
Kazakhstan,398,DHS,8/25/1999,3.61,33.39,13.14,12.93,42.23,10.12,9.52,0.6,20.82,0.73,0.02,65.28,29.71,14.56,1.19
Kazakhstan,398,DYB,7/1/2009,3.5,39.55,14.57,8.6,32.41,11.86,..,..,..,..,32.56,52.87,..,..,..
Kenya,404,IPUMS,7/1/1969,5.34,28.61,12.55,3.96,19.86,12.45,10.23,2.21,30.37,20.82,0,36.27,18.22,10.11,1.44
Kenya,404,IPUMS,7/1/1989,4.9,35.04,14.05,4.03,25.5,16.11,13.99,2.12,31.08,9.02,0.2,45.65,..,..,..
Kenya,404,DHS,5/11/1993,4.8,32.69,14.48,4.17,29.38,14.62,12.96,1.66,31.27,6.01,0.07,48.17,22.52,15.39,4.07
Kenya,404,DHS,5/1/1998,4.29,31.75,15.78,5.25,31.04,15.37,13.22,2.15,26.45,6.01,0.09,51.67,19.13,11.91,3.87
Kenya,404,IPUMS,7/1/1999,4.43,36.84,14.46,4.6,24.99,14.23,12.43,1.8,33.45,8.26,0,43.83,..,..,..
Kenya,404,DHS,6/20/2003,4.36,31.75,13.99,4.96,32.66,14.72,12.92,1.8,27.14,6.45,0.08,52.34,20.49,12.59,3.76
Kenya,404,DHS,1/4/2009,4.21,33.9,14.88,5.07,31.15,15.4,13.75,1.66,28.56,4.84,0.1,51.62,20.57,12.72,5.12
Kenya,404,IPUMS,7/1/2009,4.29,31.51,16.61,4.32,29.6,14.36,12.41,1.95,28.26,6.85,0,48.28,19.78,11.08,3.75
Kenya,404,DHS,7/30/2014,3.92,32.19,19.29,4.85,31.98,14.19,12.51,1.68,24.93,4.76,0,51.02,18,11.18,4.57
Kenya,404,DHS,7/26/2015,3.64,36.07,21.6,5.44,29.62,14.91,13.08,1.83,23.89,4.5,0.04,49.97,15.4,9.96,4.62
Kyrgyz Republic,417,DHS,9/28/1997,4.65,26.35,8.03,6.05,44.84,7.69,7,0.69,32.39,1,0,58.58,37.23,24.1,1.74
Kyrgyz Republic,417,IPUMS,7/1/1999,4.41,28.53,9.34,6.4,45.27,9.01,8.06,0.95,28.64,1.34,0,60.68,32.11,17.36,1.74
Kyrgyz Republic,417,DYB,7/1/2009,4.66,..,8.64,..,..,..,..,..,..,..,91.36,..,..,..,..
Kyrgyz Republic,417,IPUMS,7/1/2009,4.6,30.82,8.55,5.15,40.4,9.03,7.93,1.1,35.25,1.62,0,54.58,41.35,21.18,1.69
Kyrgyz Republic,417,DHS,10/15/2012,4.21,26.83,8.21,6.82,34.68,8.62,7.28,1.34,41.04,0.63,0,50.12,41.81,26.04,4.52
Lao PDR,418,IPUMS,7/1/2005,5.77,10.39,1.22,2.52,49.56,4.89,3.89,1,0,0,0,56.97,..,..,..
Latvia,428,DYB,7/1/2000,2.66,59.34,24.98,15.46,30.14,20.29,..,..,..,..,9.13,65.89,..,..,..
Latvia,428,LFS,7/1/2001,2.44,..,..,..,..,..,..,..,..,..,..,..,..,..,..
Latvia,428,DYB,7/1/2011,2.38,64.59,34.42,15.07,24.31,18.46,..,..,..,..,7.75,57.84,..,..,..
Latvia,428,LFS,7/1/2011,2.58,..,..,..,..,..,..,..,..,..,..,..,..,..,..
Lesotho,426,IPUMS,7/1/1996,4.96,29.56,10.06,4.43,34.24,10.64,8.96,1.68,33.05,7.57,0,49.32,37.54,17.32,4.56
Lesotho,426,DHS,12/8/2004,3.9,37.24,16.06,3.7,12.36,10.73,7.54,3.19,50.73,6.41,0.02,26.79,27.44,18.46,9.52
Lesotho,426,DYB,7/1/2006,4.41,35.1,..,..,..,..,..,..,..,..,..,..,..,..,..
Lesotho,426,IPUMS,7/1/2006,4.27,35.44,15.12,4.66,23.63,10.33,8.37,1.96,38.5,7.77,0,38.62,34.25,19.14,5.91
Lesotho,426,DHS,11/28/2009,3.59,36.3,18.73,3.89,11.14,9.04,6.19,2.85,51.63,5.49,0.08,24.07,24.2,17.75,9.58
Lesotho,426,DHS,11/3/2014,3.34,35.44,20.66,3.98,11.65,9.4,5.96,3.44,48.9,5.38,0.02,25.04,22.73,15.75,10.83
Liberia,430,DHS,2/26/2007,5.04,31.1,7.33,3.41,29.65,8.72,6.22,2.5,46.9,3.84,0.15,41.79,25.97,21.13,4.96
Liberia,430,IPUMS,7/1/2008,5.11,26.76,9.85,4.19,27.88,12.1,9.31,2.79,38.83,7.14,0,44.18,25.36,12.76,3.16
Liberia,430,DHS,1/29/2009,5.58,30.02,7.05,3.01,25.54,7.4,5.05,2.35,51.91,4.91,0.19,35.95,29.9,26.71,4.72
Liberia,430,DHS,10/30/2011,4.5,30.53,12.64,4.22,24.26,9.3,6.7,2.6,33.41,16.1,0.06,37.79,19.38,16.89,4.7
Liberia,430,DHS,5/13/2013,4.95,35.23,9.67,4.26,24.91,7.4,5.28,2.12,48.09,5.68,0.01,36.56,25.36,21.48,5.06
Liechtenstein,438,DYB,7/1/2010,2.32,36.2,34.17,23.55,29.52,7.46,..,..,..,..,5.3,60.53,..,..,..
Lithuania,440,DYB,7/1/2001,2.55,49.67,28.65,16.34,21.55,4.82,..,..,..,..,28.64,42.71,..,..,..
Lithuania,440,LFS,7/1/2002,2.94,..,..,..,..,..,..,..,..,..,..,..,..,..,..
Lithuania,440,DYB,7/1/2011,2.38,58.65,31.67,17.97,14.36,4.53,..,..,..,..,31.46,36.87,..,..,..
Lithuania,440,LFS,7/1/2011,2.32,..,..,..,..,..,..,..,..,..,..,..,..,..,..
Luxembourg,442,DYB,7/1/2001,2.51,27.23,..,..,..,..,..,..,..,..,..,..,..,..,..
Luxembourg,442,LFS,7/1/2001,2.52,..,..,..,..,..,..,..,..,..,..,..,..,..,..
Luxembourg,442,DYB,7/1/2011,2.41,30.38,33.34,19.7,30.27,7.97,..,..,..,..,8.72,57.95,..,..,..
Luxembourg,442,LFS,7/1/2011,2.41,..,..,..,..,..,..,..,..,..,..,..,..,..,..
Madagascar,450,DHS,8/8/1992,5.18,21.67,6.57,5.58,41.63,9.05,7.13,1.93,31.48,5.66,0.02,56.27,25.62,17.03,4.69
Madagascar,450,DHS,10/19/1997,4.91,21.56,6.68,6.21,44.75,8.83,7.31,1.52,29.35,4.15,0.03,59.79,24.3,16.1,4.5
Madagascar,450,DHS,1/25/2004,4.66,21.68,7.22,5.93,46.52,9.99,8.21,1.79,27.46,2.8,0.08,62.44,21.48,15.18,4.74
Madagascar,450,DHS,3/17/2009,4.73,22.25,7.12,5.73,45.48,8.58,7.03,1.55,28.5,4.41,0.18,59.79,20.18,15.32,4.63
Madagascar,450,DHS,4/30/2011,4.95,23.4,5.34,4.87,46.46,9.68,7.74,1.94,29.68,3.97,0,61.01,22.28,17.39,4.94
Malawi,454,IPUMS,7/1/1987,4.26,33.61,10.82,9.14,31.86,12.26,11.24,1.03,30.6,5.32,0,53.26,..,..,..
Malawi,454,DHS,10/8/1992,4.47,24.57,7.87,8.83,37.92,10.45,9.79,0.65,30.38,4.5,0.05,57.2,16.79,12.49,6.73
Malawi,454,IPUMS,7/1/1998,4.34,30.94,8.58,9.25,36.53,11.04,9.65,1.39,29.68,4.92,0,56.82,..,..,..
Malawi,454,DHS,9/14/2000,4.4,26.52,8,7,38.28,9.76,8.83,0.93,33.62,3.32,0.02,55.04,16.1,12.71,6.93
Malawi,454,DHS,11/30/2004,4.39,24.67,8.38,6.34,38.69,9.44,8.66,0.78,34.37,2.75,0.03,54.47,14.19,11.55,8.01
Malawi,454,IPUMS,7/1/2008,4.52,27.22,7.18,6.32,44,10.45,9.56,0.88,29.84,2.21,0,60.77,..,..,..
Malawi,454,DHS,8/6/2010,4.64,28.05,6.77,4.24,40,10.32,9.61,0.71,35.95,2.69,0.02,54.56,16.39,13,8.28
Malawi,454,DHS,6/1/2014,4.12,22.38,9.03,6.34,43.02,11.17,8.8,2.37,29.57,0.85,0,60.54,11.59,8.34,8.98
Malawi,454,DHS,12/17/2015,4.51,30.61,6.45,4.71,38.58,12.3,11.38,0.91,35.46,2.51,0,55.59,17.31,13,8.77
Malaysia,458,IPUMS,7/1/1970,4.76,20.13,8.64,7.02,44.2,12.13,10.01,2.12,20.05,7.96,0,63.35,..,..,..
Malaysia,458,IPUMS,7/1/1980,5.12,18.24,8.92,4.99,41.18,6.91,5.77,1.14,29.79,8.21,0,53.08,32.24,17.33,2.12
Malaysia,458,IPUMS,7/1/1991,4.79,18.48,7.61,6.06,45.26,6.47,5.44,1.03,27.17,7.43,0,57.79,31.58,15.02,1.58
Malaysia,458,DYB,7/1/2000,4.57,13.88,7.11,7.56,54.41,3.23,..,..,..,..,27.69,65.2,..,..,..
Malaysia,458,IPUMS,7/1/2000,4.56,13.74,7.14,7.2,52.57,5.25,4.17,1.08,21.84,5.99,0,65.03,31.81,12.13,1.09
Maldives,462,DHS,5/24/2009,6.36,35.03,2.81,3.72,26.67,5.59,4.94,0.65,46.87,14.09,0.23,35.99,53.83,36.07,0.57
Maldives,462,DYB,7/1/2014,5.33,40.25,..,..,..,..,..,..,..,..,..,..,..,..,..
Maldives,462,DHS,1/21/2017,5.4,44.31,4.49,5.58,23.89,9.03,8.4,0.63,51.21,5.75,0.05,38.5,54.15,35.86,0.55
Mali,466,IPUMS,7/1/1987,5.65,13.86,6.01,7.52,32.73,6.64,5.58,1.06,43.03,3.91,0.17,46.88,..,..,..
Mali,466,DHS,2/4/1996,5.6,8.3,5.58,8.1,43.13,3.35,2.6,0.75,35.68,4.15,0.01,54.58,19.37,11,2.69
Mali,466,IPUMS,7/1/1998,6.06,11.89,4.46,7.08,35.99,6.45,5.05,1.4,39.34,6.21,0.47,49.52,..,..,..
Mali,466,DHS,3/30/2001,5.33,11.32,7.35,7.56,40.95,6.08,4.61,1.47,33.62,4.37,0.07,54.59,15.78,8.68,2.53
Mali,466,DHS,8/9/2006,5.69,12.28,5.04,5.79,42.49,5.4,4.5,0.9,36.44,4.84,0,53.68,20.68,11.71,2.82
Mali,466,DYB,7/1/2009,..,13.09,..,..,..,..,..,..,..,..,..,..,..,..,..
Mali,466,IPUMS,7/1/2009,6.16,13.07,5.07,5.82,35.21,6.27,5.44,0.83,42.2,5.42,0,47.3,25.12,13.55,1.76
Mali,466,DHS,12/31/2012,5.67,9.32,3.21,4.42,49.65,5.54,4.03,1.51,33.77,3.37,0.05,59.61,19.55,10.3,2.31
Mali,466,DHS,9/27/2018,5.81,17.39,3.11,4.82,46.73,8.23,7.5,0.74,34.37,2.73,0.01,59.78,23.07,14.93,3.04
Malta,470,DYB,7/1/1995,3.12,20.97,14.83,..,..,..,..,..,..,..,..,..,..,..,..
Malta,470,DYB,7/1/2005,2.86,28.06,18.93,..,..,..,..,..,..,..,..,..,..,..,..
Malta,470,DYB,7/1/2011,2.67,25.87,22.64,20.17,39.85,9.28,..,..,..,..,8.06,69.3,..,..,..
Malta,470,LFS,7/1/2011,2.85,..,..,..,..,..,..,..,..,..,..,..,..,..,..
Martinique,474,DYB,7/1/2015,2.25,42.58,35.51,15.5,18.6,20.82,..,..,..,..,9.56,54.92,..,..,..
Mauritius,480,DYB,7/1/2000,..,17.48,..,..,..,..,..,..,..,..,..,..,..,..,..
Mauritius,480,DYB,7/1/2011,3.48,20.98,..,..,..,..,..,..,..,..,..,..,..,..,..
Mayotte,175,DYB,7/1/2012,4.1,26.84,14.71,..,60.03,21.32,..,..,..,..,..,..,..,..,..
Mexico,484,IPUMS,7/1/1970,5.83,14.75,4.32,6.33,50.54,8.34,6.55,1.79,13.01,3.81,13.65,65.21,..,..,..
Mexico,484,IPUMS,7/1/1990,4.93,17.15,4.87,6.09,52.04,8.78,7.16,1.62,15.53,4.07,8.61,66.91,29.29,8.88,0.82
Mexico,484,IPUMS,7/1/1995,4.57,17.82,5.79,6.71,53.38,8.01,6.84,1.18,23.42,2.44,0.24,68.1,..,..,..
Mexico,484,DYB,7/1/2000,4.28,20.64,6.3,7.69,51.9,9.1,..,..,..,..,25.02,68.68,..,..,..
Mexico,484,IPUMS,7/1/2000,4.29,20.64,6.44,7.64,51.61,9.1,7.95,1.14,22.46,2.2,0.57,68.34,31.37,13.11,1.29
Mexico,484,DYB,7/1/2010,3.93,24.56,8.79,9.11,45.19,9.89,..,..,..,..,27.03,64.18,..,..,..
Mexico,484,IPUMS,7/1/2010,3.9,24.51,9.42,9.16,44.4,9.89,8.58,1.31,24.04,1.45,1.63,63.46,34.82,15.22,1.4
Mexico,484,IPUMS,7/1/2015,3.74,28.97,10.08,10.2,41.6,10.16,8.81,1.35,24.72,1.65,1.59,61.96,35.98,15.73,1.47
Mongolia,496,IPUMS,7/1/1989,4.46,14.87,9.3,6.19,49.78,8.54,6.08,2.46,24.1,2.09,0,64.51,24.18,10.25,1.21
Mongolia,496,IPUMS,7/1/2000,4.32,16.53,6.61,4.57,49.06,9.06,6.84,2.22,27.74,2.96,0,62.69,28.02,12.53,1.73
Montenegro,499,DYB,7/1/2011,3.21,23.74,18.13,13.42,45.51,12.08,..,..,..,..,10.86,71.01,..,..,..
Morocco,504,IPUMS,7/1/1982,5.9,15.17,7.22,5.33,40.77,6.79,5.95,0.84,33.19,6.46,0.24,52.89,..,..,..
Morocco,504,DHS,3/15/1992,6.02,16.3,5.22,4.5,42.12,7.11,6.36,0.75,36.02,4.95,0.09,53.73,46.36,22.28,0.9
Morocco,504,IPUMS,7/1/1994,5.83,15.66,5.95,4.79,44.71,7.14,6.45,0.69,27.07,10.27,0.07,56.65,43.89,18.51,0.58
Morocco,504,DHS,12/24/2003,5.36,17.03,4.54,4.1,48.39,8.36,7.69,0.67,30.91,3.55,0.14,60.85,48.74,19.37,0.45
Morocco,504,IPUMS,7/1/2004,5.24,16.36,5.88,4.34,46.41,10.08,7.49,2.58,27.55,5.74,0,60.83,47.41,17.33,0.44
Mozambique,508,DHS,5/9/1997,4.62,26.75,9.6,8.39,36.43,7.46,6.7,0.77,35.43,2.67,0.01,52.29,15.85,11.95,4.26
Mozambique,508,IPUMS,7/1/1997,4.19,30.53,10.36,9.29,32.44,13.85,12.49,1.36,..,..,34.06,55.58,14.81,9.98,3.82
Mozambique,508,DHS,11/7/2003,4.86,26.43,6.65,7.35,36.88,8.08,7.26,0.82,37.71,3.29,0.04,52.31,19.19,15.04,5.07
Mozambique,508,IPUMS,7/1/2007,4.36,30.97,10.07,7.67,37.57,13.9,12.11,1.79,28.92,1.86,0,59.14,15.65,10.68,4.32
Mozambique,508,DHS,7/31/2009,4.27,32.92,9.52,6.87,35.99,12.98,12.06,0.92,32.09,2.55,0,55.84,12.39,10.91,5.23
Mozambique,508,DHS,8/29/2011,4.37,35.51,9.85,7.14,33.51,11.52,10.17,1.36,35.37,2.61,0,52.17,14.88,12.59,6.64
Myanmar,104,DHS,3/22/2016,4.22,22.47,5.35,7.31,40.57,8.52,6.74,1.78,36.82,1.41,0.01,56.4,45.08,23.02,2.58
Namibia,516,DHS,9/14/1992,6,30.85,8.64,5.84,14.22,5.87,4.53,1.34,46.25,19.12,0.07,25.93,33.46,25.34,5.88
Namibia,516,DHS,11/4/2000,5.06,41.58,9.4,4.84,14.82,8.32,7.04,1.28,47.34,15.21,0.08,27.98,29.42,23.32,8.27
Namibia,516,DHS,1/16/2007,4.5,44.01,14.47,4.74,15.56,8.83,7.29,1.54,45.72,10.57,0.12,29.13,27.8,20.5,6.4
Namibia,516,DHS,7/25/2013,4.24,43.96,17.45,5.71,11.89,8.41,6.91,1.5,46.64,9.78,0.12,26.01,25.62,19.07,6.86
Nepal,524,DHS,3/31/1996,5.51,12.35,3.19,4.55,40.18,7.38,5.91,1.47,42.28,2.41,0.01,52.11,39.89,29.16,0.97
Nepal,524,DHS,4/11/2001,5.29,16.15,3.98,4.58,39.57,9.14,8.08,1.06,40.92,1.81,0,53.29,37.54,28.79,0.92
Nepal,524,DYB,7/1/2001,..,14.88,..,..,..,..,..,..,..,..,..,..,..,..,..
Nepal,524,IPUMS,7/1/2001,5.38,14.67,4.02,4.35,42.32,6.94,5.95,0.99,..,..,42.37,53.61,40.87,27.52,0.72
Nepal,524,DHS,5/13/2006,4.85,23.37,5.05,5.44,33.25,12.43,11.28,1.15,41.58,2.25,0,51.12,36.28,28.71,1.44
Nepal,524,DHS,4/9/2011,4.45,28.26,4.89,6.96,29.98,15.06,14.14,0.93,41.18,1.92,0,52.01,37.28,27.53,1.38
Nepal,524,DYB,7/1/2011,..,25.73,..,..,..,..,..,..,..,..,..,..,..,..,..
Nepal,524,IPUMS,7/1/2011,4.84,25.75,4.6,5.48,33.61,10.94,10.07,0.87,..,..,45.37,50.03,40.88,27.26,1.07
Nepal,524,DHS,10/10/2016,4.24,31.32,6.45,8.19,27.45,15,14.19,0.81,41.78,1.14,0,50.64,39.89,29.57,1.73
Netherlands,528,LFS,7/1/2001,2.31,..,..,..,..,..,..,..,..,..,..,..,..,..,..
Netherlands,528,LFS,7/1/2011,2.23,..,..,..,..,..,..,..,..,..,..,..,..,..,..
New Caledonia,540,DYB,7/1/2004,..,..,..,..,..,..,..,..,..,..,..,..,..,..,..
New Zealand,554,DYB,7/1/2001,2.7,54.73,22.68,24.76,26.91,9.31,..,..,..,..,16.33,60.99,..,..,..
New Zealand,554,DYB,7/1/2006,2.7,56,22.44,27.34,29.29,11.33,..,..,..,..,9.59,67.96,..,..,..
New Zealand,554,DYB,7/1/2013,2.67,57.5,22.84,25.3,26.05,8.75,..,..,..,..,17.06,60.11,..,..,..
Nicaragua,558,IPUMS,7/1/1971,5.86,23.74,4.21,4.08,41.18,10.54,9.12,1.41,28.51,11.15,0.34,55.8,29.12,16.7,2.19
Nicaragua,558,IPUMS,7/1/1995,5.78,26.75,3.81,3.23,39.68,8.6,7.4,1.2,36.78,7.89,0,51.52,34.2,24.43,2.13
Nicaragua,558,DHS,3/1/1998,5.53,30.94,4.01,3.51,37.74,8.94,7.48,1.46,38.56,7.23,0.02,50.18,38.09,26.87,3.24
Nicaragua,558,DHS,10/29/2001,5.29,30.94,3.78,3.34,39.42,9.04,7.79,1.25,36.53,7.76,0.13,51.8,38.68,25.56,3.25
Nicaragua,558,IPUMS,7/1/2005,4.92,30.33,4.59,4.64,40.42,9.93,8.63,1.3,34,6.43,0,54.99,36.14,22.25,2.45
Niger,562,DHS,4/30/1992,6.27,9.57,4.52,5.89,33.99,2.57,2.04,0.53,47.17,4.47,1.4,42.45,26.87,21.03,4.28
Niger,562,DHS,4/16/1998,5.94,13.13,4.81,5.45,35.81,5.21,4.5,0.71,43.42,5.31,0,46.46,24.35,19.51,4.17
Niger,562,DHS,3/9/2006,6.09,18.5,3.68,4.26,37.86,9.07,8.42,0.66,43.86,1.23,0.04,51.19,24.69,19.17,4.14
Niger,562,DHS,4/24/2012,5.92,15.87,3.19,4.81,45.39,8.5,7.84,0.65,37.36,0.74,0.02,58.69,16.2,12.13,4.34
Nigeria,566,DHS,8/15/1990,5.39,14.23,11,5.86,34.6,6.86,4.92,1.94,38.59,3.07,0.02,47.32,23.83,11.71,3.01
Nigeria,566,DHS,4/30/1999,5,16.91,11.3,5.86,39.03,8.56,6.34,2.22,32.14,2.59,0.52,53.45,22.73,8.71,2.65
Nigeria,566,DHS,5/26/2003,4.98,16.53,11.67,6.24,34.2,7.08,5.54,1.54,37.56,3.2,0.05,47.52,24.95,12.09,2.81
Nigeria,566,IPUMS,7/1/2006,4.41,17.23,15.74,6.51,44.56,8.08,6.58,1.5,24.43,0.67,0,59.16,20.71,4.77,3.07
Nigeria,566,IPUMS,7/1/2007,4.55,15.86,15.17,6.25,42.6,8.18,6.11,2.07,26.33,0.92,0.55,57.03,19.63,5.04,2.96
Nigeria,566,IPUMS,7/1/2008,4.79,14.85,13.86,5.51,48.17,7.67,5.97,1.7,23.86,0.79,0.14,61.35,22.78,4.51,2.59
Nigeria,566,DHS,8/28/2008,4.43,19.3,17.79,5.98,34.19,8.39,6.39,2,31.1,2.5,0.04,48.57,19.9,8.85,3.15
Nigeria,566,IPUMS,7/1/2009,4.44,16.42,16.25,6.23,43.7,8.09,6.22,1.87,25.1,0.64,0,58.01,20.19,3.54,2.83
Nigeria,566,IPUMS,7/1/2010,4.39,15.43,14.27,7.48,49.51,8.54,6.76,1.78,18.9,0.73,0.57,65.53,23.99,3.46,2.61
Nigeria,566,DHS,11/14/2010,5.2,15.28,10.54,4.91,38.4,6.8,5.06,1.74,37.59,1.75,0.03,50.1,23.59,11.71,3.09
Nigeria,566,DHS,4/24/2013,4.6,18.49,15.78,6.19,36.49,7.97,6.09,1.88,31.18,2.38,0.02,50.65,19.75,9.13,3.09
Nigeria,566,DHS,10/31/2015,4.9,14.59,11.51,5.93,42.14,6.92,5.3,1.62,32.04,1.46,0,54.99,21.32,9.86,2.77
Norway,578,DYB,7/1/2001,2.29,38.78,37.7,21.03,30.03,8.27,..,..,..,..,2.97,59.33,..,..,..
Norway,578,DYB,7/1/2011,2.22,38.52,39.58,21.41,27.08,8.38,..,..,..,..,3.55,56.87,..,..,..
Oman,512,DYB,7/1/2003,8.02,11.22,..,..,..,..,..,..,..,..,..,..,..,..,..
Pakistan,586,IPUMS,7/1/1973,4.81,2.86,11.2,6.83,40.87,3.35,1.15,2.21,35,2.71,0.03,51.06,30.84,12.95,0.28
Pakistan,586,DHS,3/28/1991,6.73,7.15,2.95,4.01,46.05,4.08,2.98,1.1,41.85,1,0.06,54.14,48.1,27.67,0.51
Pakistan,586,IPUMS,7/1/1998,6.82,6.43,2.91,5.72,44.36,4.43,2.92,1.5,41.39,1.19,0,54.51,..,..,..
Pakistan,586,DHS,12/3/2006,7.15,10.33,1.27,2.47,42.8,6.34,5.48,0.86,45.89,1.19,0.03,51.61,54.51,31.5,0.26
Pakistan,586,DHS,1/8/2013,6.8,10.86,1.08,2.85,38.59,6.43,5.14,1.29,48.84,2.2,0.01,47.87,54.87,33.29,0.2
Palau,585,DYB,7/1/2005,..,..,..,..,..,..,..,..,..,..,..,..,..,..,..
Panama,591,IPUMS,7/1/1960,4.73,21.9,13.09,5.68,31.09,9.92,7.41,2.52,26.12,14.1,0,46.69,..,..,..
Panama,591,IPUMS,7/1/1970,4.85,20.12,12.2,6.01,33.44,9.13,6.99,2.13,27.28,11.18,0.76,48.58,25.69,15.06,2.43
Panama,591,IPUMS,7/1/1980,4.69,21.44,11.27,6.09,35.61,9.91,7.81,2.1,29.77,7.32,0.03,51.61,29.59,16.28,2.23
Panama,591,IPUMS,7/1/1990,4.39,22.2,11.7,6.5,32.96,9.78,7.87,1.9,29.77,9.3,0,49.23,30.59,16.3,2.24
Panama,591,IPUMS,7/1/2000,3.98,24.44,12.74,7.67,34.2,10.74,8.89,1.85,28.13,6.51,0,52.62,31.19,15.92,2.17
Panama,591,IPUMS,7/1/2010,3.67,29.12,14.66,9.59,32.52,11.55,9.66,1.89,25,6.69,0,53.65,31.76,14.26,2.15
Papua New Guinea,598,IPUMS,7/1/1980,4.47,13.02,9.6,9.12,48.58,10.65,7.2,3.45,17.24,4.67,0.13,68.35,..,..,..
Papua New Guinea,598,IPUMS,7/1/1990,5.48,13.22,4.53,5.13,39.77,7.55,5.04,2.51,38.74,4.28,0,52.45,..,..,..
Papua New Guinea,598,IPUMS,7/1/2000,5.43,13.39,4.08,4.91,43.67,8.2,5.98,2.22,34.8,4.34,0,56.78,..,..,..
Paraguay,600,IPUMS,7/1/1962,5.33,19.1,11.63,3.22,29.79,11.06,6.92,4.14,23.19,21.05,0.06,44.07,..,..,..
Paraguay,600,IPUMS,7/1/1972,5.43,22.68,6.21,4.61,35.59,8.91,7.65,1.27,27.77,16.91,0,49.12,..,..,..
Paraguay,600,IPUMS,7/1/1982,5.14,18.02,5.76,5.86,42.03,7.79,6.38,1.41,27.25,11.3,0,55.68,30.39,13.64,2
Paraguay,600,DHS,6/30/1990,5.06,16.99,5.63,5.76,43.46,6.57,5.41,1.16,28.02,10.5,0.06,55.79,32.74,18.1,2.4
Paraguay,600,IPUMS,7/1/1992,4.76,20.98,7.43,6.42,41.04,7.57,6.41,1.16,25.32,12.22,0,55.03,26.1,13.36,2.22
Paraguay,600,IPUMS,7/1/2002,4.63,25.92,8.09,5.98,40.41,8.78,7.18,1.6,28.42,8.32,0,55.17,31.88,16.36,2.22
Peru,604,DHS,12/22/1991,5.27,15.24,3.05,3.4,45.59,7.42,5.58,1.84,31.61,8.93,0,56.41,39.13,19.75,1.48
Peru,604,IPUMS,7/1/1993,4.58,23.32,9.42,4.76,36.57,11.62,9.03,2.59,29.09,8.54,0,52.95,30.63,14.52,1.76
Peru,604,DHS,10/6/1996,4.86,18.03,6.27,4.39,44.37,8.42,6.47,1.95,30.9,5.5,0.14,57.18,35.84,19,1.94
Peru,604,DHS,9/21/2000,4.53,19.48,8.23,5.44,43.29,8.55,6.45,2.1,30.16,4.33,0,57.28,37.88,19.16,2.11
Peru,604,DHS,5/17/2005,4.01,22.75,11.71,7.01,38.87,9.39,7.19,2.2,30.79,2.22,0,55.28,35.9,17.35,2.24
Peru,604,DYB,7/1/2007,4.01,28.46,..,..,..,..,..,..,..,..,..,..,..,..,..
Peru,604,IPUMS,7/1/2007,4.01,28.47,11.78,6.28,35.02,11.66,9.42,2.24,29.73,5.54,0,52.95,32.27,14.79,1.79
Peru,604,DHS,12/17/2007,4.01,22.75,11.71,7.01,38.87,9.39,7.19,2.2,30.79,2.22,0,55.28,35.9,17.35,2.24
Peru,604,DHS,7/8/2009,3.93,23.75,11.44,7.67,41.85,9.46,7.53,1.92,27.68,1.92,0,58.97,33.9,16.64,1.95
Peru,604,DHS,7/31/2010,3.77,23.85,13.99,7.54,40.02,9.97,7.95,2.01,26.83,1.66,0,57.53,33.05,15.58,1.99
Peru,604,DHS,7/15/2011,3.71,26.04,13.78,8.17,39.87,11.05,9.17,1.88,25.52,1.61,0,59.09,32.88,14.88,1.93
Peru,604,DHS,7/31/2012,3.75,25.74,12.91,7.76,40.32,10.91,9.26,1.65,26.12,1.97,0,59,33.03,15.45,1.88
Philippines,608,IPUMS,7/1/1990,5.21,11.42,2.91,5.25,58.07,5.83,4.2,1.63,23.19,4.76,0,69.15,30.55,10.66,1.71
Philippines,608,DHS,5/29/1993,5.33,14.03,2.77,4.19,53.65,5.26,3.94,1.31,28.06,6,0.07,63.09,35,16.56,2.41
Philippines,608,IPUMS,7/1/1995,5.07,12.2,3.44,5.59,57.61,6.27,4.26,2,22.21,4.88,0,69.47,30.56,10.17,1.68
Philippines,608,DHS,4/13/1998,5.07,14.44,4.07,4.79,49.56,5.49,4.14,1.34,28.83,7.25,0,59.85,33.88,16.33,2.36
Philippines,608,IPUMS,7/1/2000,4.91,13.53,4.15,6.19,56.4,6.13,4.22,1.91,22.74,4.38,0,68.72,32.27,10.56,1.65
Philippines,608,DHS,8/1/2003,4.82,15.37,4.14,5.66,50.3,6.15,4.39,1.76,27.27,6.43,0.05,62.11,32.8,14.99,2.63
Philippines,608,DYB,7/1/2007,4.76,..,..,..,..,..,..,..,..,..,..,..,..,..,..
Philippines,608,DHS,8/31/2008,4.78,16.61,5.25,5.57,45.4,6.2,4.27,1.93,31.32,6.24,0.02,57.17,35.82,18.45,2.54
Philippines,608,IPUMS,7/1/2010,4.54,15.92,6.05,6.68,51.42,6.69,4.83,1.86,25.27,3.89,0,64.8,33.63,13.39,2.07
Philippines,608,DHS,9/13/2013,4.74,18.89,4.97,5.24,44.03,6.93,4.66,2.26,33.8,5.03,0.01,56.19,40.26,21.35,3.14
Philippines,608,DHS,9/17/2017,4.23,20.64,9.18,6.55,42.23,7.93,5.49,2.43,30.77,3.34,0,56.71,35.98,18.26,3.01
Poland,616,IPUMS,7/1/1978,3.18,9,17.29,13.75,42.58,7.94,6.98,0.96,..,..,18.43,64.27,..,..,..
Poland,616,IPUMS,7/1/1988,3.05,..,..,..,..,..,..,..,..,..,..,..,..,..,..
Poland,616,LFS,7/1/2001,3.06,..,..,..,..,..,..,..,..,..,..,..,..,..,..
Poland,616,DYB,7/1/2002,2.84,39.92,24.79,14.52,37.33,11.26,..,..,..,..,12.1,63.11,..,..,..
Poland,616,IPUMS,7/1/2002,2.84,39.69,24.81,14.49,36.6,9.96,8.75,1.21,..,..,14.15,61.04,31.55,8.09,0.99
Poland,616,DYB,7/1/2011,2.82,54.08,24.04,15.94,30.81,11.44,..,..,..,..,17.77,58.19,..,..,..
Poland,616,LFS,7/1/2011,2.81,..,..,..,..,..,..,..,..,..,..,..,..,..,..
Portugal,620,IPUMS,7/1/1981,3.35,17.76,12.85,18.62,44.26,5.22,4.55,0.67,17.09,1.97,0,68.09,22.6,5.87,1
Portugal,620,IPUMS,7/1/1991,3.11,19.92,13.93,19.8,44.3,5.77,4.94,0.83,14.38,1.83,0,69.86,27.86,7.89,0.87
Portugal,620,DYB,7/1/2001,2.84,23.01,17.3,22.02,41.14,6.97,..,..,..,..,12.56,70.13,..,..,..
Portugal,620,IPUMS,7/1/2001,2.8,23.06,17.39,22.06,41.02,6.44,5.52,0.92,11.49,1.6,0,69.52,28.81,6.1,0.72
Portugal,620,LFS,7/1/2001,2.9,..,..,..,..,..,..,..,..,..,..,..,..,..,..
Portugal,620,DYB,7/1/2011,2.58,31.67,21.44,23.83,35.17,9.01,..,..,..,..,10.56,68.01,..,..,..
Portugal,620,IPUMS,7/1/2011,2.61,31.69,20.73,23.84,34.71,8.25,7.09,1.16,11.17,1.31,0,66.79,26.63,5.08,0.63
Portugal,620,LFS,7/1/2011,2.66,..,..,..,..,..,..,..,..,..,..,..,..,..,..
Puerto Rico,630,IPUMS,7/1/1970,4.25,19.04,10.26,10.06,43.11,9.38,7.43,1.95,23.47,3.72,0,62.55,27.93,12.07,3.21
Puerto Rico,630,IPUMS,7/1/1980,3.66,24.91,12.28,12.63,43.95,10.93,9.73,1.2,17.85,2.36,0,67.51,24.99,8.55,2.35
Puerto Rico,630,IPUMS,7/1/1990,3.17,36.83,14.49,13.69,39.14,17.91,16.63,1.27,10.04,4.72,0,70.74,14.11,3.89,0.65
Puerto Rico,630,DYB,7/1/2000,2.98,..,18.44,..,..,..,..,..,..,..,81.56,..,..,..,..
Puerto Rico,630,IPUMS,7/1/2000,2.97,38.59,18.42,15.96,34.54,14.57,13.21,1.36,14.58,1.93,0,65.07,26.82,7.32,1.8
Puerto Rico,630,IPUMS,7/1/2005,2.76,47.91,20.87,18,27.67,15.14,13.74,1.41,15.2,3.11,0,60.81,26.23,6.49,2.35
Puerto Rico,630,IPUMS,7/1/2010,2.67,53.73,23.06,18.13,26.55,16.25,14.93,1.32,13.89,2.13,0,60.93,26.19,6.51,1.81
Republic of Korea,410,DYB,7/1/2005,2.88,21.94,19.96,14.22,42.18,8.62,..,..,..,..,15.02,65.03,..,..,..
Republic of Korea,410,DYB,7/1/2010,..,25.94,23.89,15.41,37,9.19,..,..,..,..,14.51,61.6,..,..,..
Republic of Korea,410,DYB,7/1/2015,2.53,29.57,27.23,15.6,32.18,10.78,..,..,..,..,14.21,58.57,..,..,..
Republic of Moldova,498,DYB,7/1/2004,2.99,..,20.25,19.5,44.9,12.44,..,..,..,..,2.91,76.83,..,..,..
Republic of Moldova,498,DHS,7/14/2005,2.82,33.68,20.03,18.37,31.73,10.99,8.22,2.77,18.27,0.56,0.05,61.09,27.68,10.84,2.5
Republic of Moldova,498,DYB,7/1/2014,2.89,37.29,22.64,15.19,33.1,10.42,..,..,..,..,18.65,58.71,..,..,..
Runion,638,DYB,7/1/2015,2.64,33.67,26.3,15.54,29.93,18.85,..,..,..,..,9.37,64.33,..,..,..
Romania,642,IPUMS,7/1/1977,3.12,17.03,14.06,22,42.56,4.02,3.22,0.81,15.98,1.39,0,68.58,23.59,9.13,0.89
Romania,642,IPUMS,7/1/1992,3.07,22.08,17.12,20.05,39.92,6.02,5.02,1,15.44,1.44,0,65.99,26.18,9.49,1.38
Romania,642,LFS,7/1/2001,3.02,..,..,..,..,..,..,..,..,..,..,..,..,..,..
Romania,642,DYB,7/1/2002,2.92,26.71,18.91,19.82,35.36,7.94,..,..,..,..,17.97,63.11,..,..,..
Romania,642,IPUMS,7/1/2002,2.92,26.63,18.88,19.8,35.4,7.36,6.21,1.15,18.53,0.02,0,62.56,31.49,10.6,0.94
Romania,642,DYB,7/1/2011,2.67,31.51,25.98,19.22,26.76,8.38,..,..,..,..,19.65,54.36,..,..,..
Romania,642,IPUMS,7/1/2011,2.67,31.62,25.99,19.24,26.56,7.71,6.13,1.59,17.34,3.15,0,53.51,..,..,..
Romania,642,LFS,7/1/2011,2.88,..,..,..,..,..,..,..,..,..,..,..,..,..,..
Russian Federation,643,DYB,7/1/2002,2.71,50.03,22.27,21.56,21.09,5.62,..,..,..,..,29.46,48.27,..,..,..
Russian Federation,643,IPUMS,7/1/2002,2.71,50.08,22.37,14.79,28.29,11.98,10.69,1.29,19.43,3.15,0,55.05,31.06,10.9,1.6
Russian Federation,643,DYB,7/1/2010,2.58,..,25.69,22.83,15.87,11.48,..,..,..,..,24.13,50.18,..,..,..
Russian Federation,643,IPUMS,7/1/2010,2.58,52.11,25.97,15.12,23.57,11.66,10.19,1.47,22.61,1.08,0,50.34,32.74,10.94,1.57
Rwanda,646,IPUMS,7/1/1991,4.74,24.7,8.46,5.28,46.41,13.91,12.19,1.72,17.98,7.21,0.75,65.6,22.06,10.42,4.27
Rwanda,646,DHS,8/6/1992,4.98,20.75,5.34,4.89,50.75,9.06,7.8,1.26,21.92,8.04,0,64.7,22.48,12.03,5.44
Rwanda,646,DHS,9/12/2000,4.56,36.09,5.99,3.83,37.1,20.55,18.75,1.81,24.59,7.83,0.1,61.49,16.89,9.68,5.89
Rwanda,646,DYB,7/1/2002,4.53,35.18,..,..,..,..,..,..,..,..,..,..,..,..,..
Rwanda,646,IPUMS,7/1/2002,4.53,35.1,7.16,4.5,36.17,19.39,18.02,1.37,23.69,7.52,1.57,60.05,19.91,8.7,3.93
Rwanda,646,DHS,5/20/2005,4.57,33.86,6.54,3.19,40.91,17.66,16.12,1.54,23.64,8.02,0.04,61.76,21.91,9.73,5.1
Rwanda,646,DHS,2/17/2008,4.34,31.42,8.26,3.92,42.82,16.61,14.92,1.69,21.69,6.45,0.25,63.35,20.26,8.94,5.85
Rwanda,646,DHS,12/30/2010,4.44,33.27,6.54,3.37,39.23,15.74,14.01,1.73,26.87,8.24,0.01,58.34,22,11.08,5.13
Rwanda,646,DYB,7/1/2012,4.28,28.7,..,..,..,..,..,..,..,..,..,..,..,..,..
Rwanda,646,IPUMS,7/1/2012,4.28,28.71,9.86,4.4,43.97,15.05,13.52,1.53,16.78,9.94,0,63.42,23.15,9.14,3.65
Rwanda,646,DHS,8/17/2012,4.3,29.19,7.4,3.87,42.39,13.57,12.01,1.56,23.06,9.71,0,59.83,22.06,10.66,4.84
Rwanda,646,DHS,1/19/2015,4.26,31.03,8.15,3.23,42.38,14.66,13.5,1.17,22.87,8.71,0,60.27,21.27,10.92,5.33
Saint Helena,654,DYB,7/1/2008,..,..,..,..,..,..,..,..,..,..,..,..,..,..,..
Saint Kitts and Nevis,659,DYB,7/1/2011,..,42.58,..,..,..,..,..,..,..,..,..,..,..,..,..
Saint-Barthlemy,652,DYB,7/1/2015,2.42,19.3,23.43,26.69,25.19,5.39,..,..,..,..,19.3,57.27,..,..,..
Saint-Martin (French part),663,DYB,7/1/2015,2.56,38.49,29.33,13.45,23.95,21.12,..,..,..,..,12.15,58.51,..,..,..
Samoa,882,DYB,7/1/2016,6.75,19.94,..,..,..,..,..,..,..,..,..,..,..,..,..
Sao Tome and Principe,678,DYB,7/1/2001,..,32.1,..,..,..,..,..,..,..,..,..,..,..,..,..
Sao Tome and Principe,678,DHS,11/13/2008,3.84,39.01,19.87,4.68,26.71,15.22,13.77,1.45,31.84,1.69,0,46.6,16.95,11.28,6.1
Sao Tome and Principe,678,DYB,7/1/2012,..,41.2,16.82,5.06,31.74,13.43,..,..,..,..,32.95,50.24,..,..,..
Senegal,686,IPUMS,7/1/1988,8.83,14.95,4.31,1.63,17.54,3.61,3,0.61,..,..,0,22.78,..,..,..
Senegal,686,DHS,3/24/1993,8.83,15.82,5.16,1.76,15.53,2.86,2.64,0.23,68.51,6.09,0.09,20.15,49.4,37.19,1.9
Senegal,686,DHS,3/8/1997,8.98,18.17,4.36,1.81,14.91,3.49,3.04,0.45,68.4,6.83,0.19,20.22,51.13,38.77,1.73
Senegal,686,DYB,7/1/2002,..,17.2,..,..,..,..,..,..,..,..,..,..,..,..,..
Senegal,686,IPUMS,7/1/2002,9.14,17.23,4.4,1.57,15.68,3.43,2.84,0.59,56.32,18.59,0,20.68,50.35,33.04,2.2
Senegal,686,DHS,3/31/2005,8.7,23.09,6.59,1.29,17.53,7,5.36,1.64,46.75,20.64,0.2,25.81,61.7,41.1,1.34
Senegal,686,DHS,11/30/2006,9.39,21.66,5.3,0.69,14.49,3.39,2.82,0.57,62.45,13.57,0.11,18.57,58.49,41.98,0.92
Senegal,686,DHS,12/30/2008,9.25,20.05,3.88,1.81,17.54,3.63,3.16,0.47,64.02,8.84,0.29,22.97,54.95,41.18,1.31
Senegal,686,DHS,1/19/2011,9.32,24.81,3.43,1.27,16.26,4.24,3.58,0.66,62.95,11.85,0,21.77,57.32,43.83,1.42
Senegal,686,DHS,2/1/2013,8.99,23.62,6.55,1.51,16.23,3.77,3.3,0.47,61.96,9.98,0,21.51,54.09,40.97,1.51
Senegal,686,DHS,10/7/2013,8.8,26.51,6.47,1.38,15.44,4.73,4.13,0.6,62.64,9.34,0,21.55,52.79,40.06,1.42
Senegal,686,DHS,6/6/2014,8.62,29.37,6.38,1.25,14.67,5.68,4.95,0.72,63.31,8.71,0,21.6,51.5,39.15,1.33
Senegal,686,DHS,6/20/2015,8.32,30.39,7.22,1.37,15.01,7.09,6.39,0.7,62.36,6.94,0.01,23.47,50.33,37.1,1.85
Senegal,686,DHS,7/13/2016,8.31,30.62,8.38,1.56,15.53,5.42,4.86,0.56,62.34,6.76,0,22.52,50.87,37.94,1.08
Senegal,686,DHS,8/16/2017,8.66,30.34,6.92,1.19,15.59,6.12,5.37,0.75,62.7,7.47,0,22.9,53.19,37.45,1.17
Serbia,688,DYB,7/1/2002,2.97,27,20.02,17.11,33.45,9.05,..,..,..,..,20.36,59.62,..,..,..
Serbia,688,DYB,7/1/2011,2.88,30.21,22.33,16.59,30.19,10.23,..,..,..,..,20.67,57,..,..,..
Seychelles,690,DYB,7/1/2002,3.78,49.12,..,..,..,..,..,..,..,..,..,..,..,..,..
Seychelles,690,DYB,7/1/2010,..,..,..,..,..,..,..,..,..,..,..,..,..,..,..
Sierra Leone,694,IPUMS,7/1/2004,5.99,25.9,5.98,3.97,19.35,7.75,6.11,1.64,54.95,8,0,31.07,31.31,21.87,4.47
Sierra Leone,694,DHS,5/20/2008,5.88,22.42,4.13,2.87,28.19,4.51,2.98,1.53,56.7,3.49,0.1,35.57,34.21,26.24,4.99
Sierra Leone,694,DHS,8/18/2013,5.9,28.03,4,2.48,27.06,4.82,3.36,1.46,57.47,4.17,0.01,34.36,33.33,26.68,4.69
Singapore,702,DYB,7/1/2000,3.58,17.65,8.24,..,..,..,..,..,..,..,..,..,..,..,..
Singapore,702,DYB,7/1/2010,3.29,21.62,12.21,..,..,..,..,..,..,..,..,..,..,..,..
Sint Maarten (Dutch part),534,DYB,7/1/2011,2.58,38.67,31.33,16.36,26.33,16.14,..,..,..,..,9.84,58.83,..,..,..
Slovakia,703,DYB,7/1/2001,3.23,33.87,24.2,29.54,32.87,11.42,..,..,..,..,1.96,73.84,..,..,..
Slovakia,703,LFS,7/1/2001,3.14,..,..,..,..,..,..,..,..,..,..,..,..,..,..
Slovakia,703,DYB,7/1/2011,2.9,34.39,25.33,12.05,29.67,10.51,..,..,..,..,22.44,52.23,..,..,..
Slovakia,703,LFS,7/1/2011,2.8,..,..,..,..,..,..,..,..,..,..,..,..,..,..
Slovenia,705,LFS,7/1/2001,2.63,..,..,..,..,..,..,..,..,..,..,..,..,..,..
Slovenia,705,DYB,7/1/2002,2.85,48.86,21.87,14.19,38.78,10.63,..,..,..,..,14.53,63.61,..,..,..
Slovenia,705,IPUMS,7/1/2002,2.82,49.27,20.9,14.54,38.53,9.28,8.05,1.22,13.18,3.57,0,62.35,..,..,..
Slovenia,705,LFS,7/1/2011,2.47,..,..,..,..,..,..,..,..,..,..,..,..,..,..
Slovenia,705,DYB,7/1/2015,2.47,46.85,32.6,14.15,28.88,13.17,..,..,..,..,11.2,56.19,..,..,..
South Africa,710,DYB,7/1/1996,..,37.85,..,..,..,..,..,..,..,..,..,..,..,..,..
South Africa,710,IPUMS,7/1/1996,4.06,37.85,16.23,9.82,23.88,12.44,10.54,1.9,29.52,5.23,2.88,46.14,29.77,15.64,4.41
South Africa,710,DHS,5/14/1998,4.25,41.86,12.03,7.7,21.9,12.58,11.13,1.46,41.97,3.75,0.07,42.18,34.08,22.91,7.14
South Africa,710,DYB,7/1/2001,..,42.62,..,..,..,..,..,..,..,..,..,..,..,..,..
South Africa,710,IPUMS,7/1/2001,3.84,42.59,18.6,9.18,20.54,11.27,9.82,1.45,37.17,3.25,0,40.98,30.16,17.9,4.22
South Africa,710,IPUMS,7/1/2007,3.78,40.22,18.13,8.54,20.44,11.51,9.92,1.59,39.02,2.35,0,40.5,32.56,18.95,4.8
South Africa,710,DYB,7/1/2011,3.38,40.98,27.57,..,..,..,..,..,..,..,72.43,..,..,..,..
South Africa,710,IPUMS,7/1/2011,3.24,41.07,26.8,9.12,16.88,10.53,9.12,1.41,32.89,3.77,0,36.53,25.97,13.83,4.27
South Africa,710,DHS,8/29/2016,3.36,42.58,23.84,8.7,15.6,11.56,10,1.56,37.6,2.7,0,35.86,28.42,18.14,5.36
South Sudan,728,IPUMS,7/1/2008,5.95,42.56,4.33,2.04,25.95,15,13.57,1.43,41.63,11.05,0,42.99,25.17,8.96,1.57
Spain,724,IPUMS,7/1/1991,3.26,19.93,13.33,16.92,48.42,6.74,5.56,1.18,13.68,0.91,0,72.08,33.45,7.19,0.36
Spain,724,DYB,7/1/2001,2.86,37.42,20.28,17.26,39.13,8.09,..,..,..,..,15.25,64.47,..,..,..
Spain,724,IPUMS,7/1/2001,2.86,37.4,20.28,17.26,40.33,8.45,6.89,1.56,10.46,3.22,0,66.04,..,..,..
Spain,724,LFS,7/1/2001,2.99,..,..,..,..,..,..,..,..,..,..,..,..,..,..
Spain,724,DYB,7/1/2011,2.58,..,23.19,21.04,34.96,9.36,..,..,..,..,11.45,65.36,..,..,..
Spain,724,IPUMS,7/1/2011,2.58,..,..,..,..,..,..,..,..,..,..,..,..,..,..
Spain,724,LFS,7/1/2011,2.69,..,..,..,..,..,..,..,..,..,..,..,..,..,..
State of Palestine,275,DYB,7/1/1997,6.38,8.99,3.31,6.61,62.16,4.46,..,..,..,..,23.47,73.23,..,..,..
State of Palestine,275,IPUMS,7/1/1997,6.36,8.79,3.51,6.8,61.96,4.51,3.95,0.56,22.82,0.41,0,73.27,33.74,13.51,0.17
State of Palestine,275,DYB,7/1/2007,5.89,9.24,3.53,..,..,..,..,..,..,..,..,..,..,..,..
State of Palestine,275,IPUMS,7/1/2007,5.48,9.75,4.37,8.08,67.79,5.32,4.75,0.57,12.61,0.18,1.65,81.19,30.94,6.91,0.12
Sudan,729,IPUMS,7/1/2008,5.59,26.89,5.06,4.63,41.19,12.8,11.42,1.38,30.76,5.56,0,58.63,31.89,11.28,1.65
Suriname,740,DYB,7/1/2004,3.94,30.96,..,..,..,..,..,..,..,..,..,..,..,..,..
Swaziland,748,DYB,7/1/1997,..,43.24,..,..,..,..,..,..,..,..,..,..,..,..,..
Swaziland,748,DHS,11/11/2006,4.64,48.01,19.25,4.25,9.94,12.66,10.7,1.97,45.28,8.6,0.02,26.84,30.44,25.45,6.64
Swaziland,748,DYB,7/1/2007,4.74,46.56,..,..,..,..,..,..,..,..,..,..,..,..,..
Switzerland,756,IPUMS,7/1/1970,2.92,21.44,19.92,21.18,..,..,..,..,..,10.39,48.5,..,..,..,..
Switzerland,756,IPUMS,7/1/1980,2.51,25.09,29.08,22.89,..,..,..,..,..,5.65,42.39,..,..,..,..
Switzerland,756,IPUMS,7/1/1990,2.32,27.51,32.9,25.48,..,..,..,..,..,3.19,38.43,..,..,..,..
Switzerland,756,DYB,7/1/2000,2.24,36.82,35.98,26.49,27.5,5.44,..,..,..,..,4.59,59.43,..,..,..
Switzerland,756,IPUMS,7/1/2000,2.21,35.78,37.51,25.88,..,..,..,..,..,2.48,0,..,..,..,..
Tajikistan,762,DHS,8/16/2012,6.27,21.32,2.96,1.95,39.69,5.5,4.59,0.91,49.44,0.39,0.07,47.15,57.42,39.58,0.89
Tajikistan,762,DHS,9/24/2017,5.99,20.85,2.88,2.99,34.46,6.4,5.72,0.68,53.01,0.26,0,43.85,60.34,44.55,1.11
Thailand,764,IPUMS,7/1/1970,5.71,14.22,3.12,4.01,51.38,6.69,5.3,1.39,30.56,4.23,0,62.08,30.92,14.84,0.62
Thailand,764,IPUMS,7/1/1980,5.13,16.63,3.84,4.74,50.75,6.58,5.16,1.42,29.48,4.61,0,62.07,36.29,18.48,1.02
Thailand,764,IPUMS,7/1/1990,4.29,19.38,5,6.69,48.19,6.91,5.43,1.48,29.72,3.49,0,61.79,37.67,17.99,1.16
Thailand,764,IPUMS,7/1/2000,3.69,25.58,8.7,9.38,41.66,7.64,5.88,1.76,30.72,1.91,0,58.67,..,..,..
Thailand,764,DYB,7/1/2010,..,34.7,18.36,13.56,25.59,8.18,..,..,..,..,34.3,47.34,..,..,..
Timor-Leste,626,DYB,7/1/2004,4.71,18.93,..,..,..,..,..,..,..,..,..,..,..,..,..
Timor-Leste,626,DHS,11/6/2009,5.84,12.3,3.13,2.97,47.41,6.43,4.69,1.74,39.61,0.41,0.04,56.8,37.59,20.49,2.96
Timor-Leste,626,DHS,11/3/2016,5.27,17.44,6.41,4.42,44.6,8.22,5.49,2.72,35.46,0.85,0.05,57.23,36.88,20.33,3.15
Togo,768,IPUMS,7/1/1960,6.3,19.76,16.32,4.45,10.62,4.98,3.73,1.24,29.33,34.31,0,20.05,..,..,..
Togo,768,IPUMS,7/1/1970,5.8,14.58,10.54,4.7,23.52,7.62,5.73,1.89,0,0,0,35.85,19.63,12.1,0
Togo,768,DHS,3/29/1998,5.39,24.26,12.48,2.85,24.53,9.9,7.11,2.79,45.54,4.68,0.03,37.27,26.07,17.12,3.96
Togo,768,IPUMS,7/1/2010,4.75,26.22,14.76,3.5,10.29,3.4,2.62,0.77,60.71,7.35,0,17.19,13.95,5.59,3.89
Togo,768,DHS,1/28/2014,4.55,27.48,15.65,3.17,28.67,11.18,9.18,2,37.47,3.85,0,43.02,23.04,14.17,4.33
Tokelau,772,DYB,7/1/2011,5.24,..,..,..,..,..,..,..,..,..,..,..,..,..,..
Trinidad and Tobago,780,IPUMS,7/1/1970,4.75,27.66,14.37,8.04,31.93,9.34,7.18,2.15,29.36,5.87,1.09,49.32,..,..,..
Trinidad and Tobago,780,IPUMS,7/1/1980,4.43,24.62,14.02,8.27,37.16,8.74,7.04,1.7,27.38,4.07,0.36,54.16,..,..,..
Trinidad and Tobago,780,IPUMS,7/1/1990,4.11,28.24,13.72,7.33,38.72,11.29,9.1,2.19,25.79,2.9,0.26,57.34,..,..,..
Trinidad and Tobago,780,IPUMS,7/1/2000,3.67,30.01,15.19,8.79,36.14,12.72,9.91,2.81,24.38,2.39,0.38,57.66,..,..,..
Trinidad and Tobago,780,DYB,7/1/2011,..,32.77,..,..,..,..,..,..,..,..,..,..,..,..,..
Trinidad and Tobago,780,IPUMS,7/1/2011,3.29,32.84,19.21,10.35,30.05,13.14,10.02,3.12,24.88,2.36,0,53.55,38.13,12.61,1.86
Turkey,792,IPUMS,7/1/1985,4.58,7.02,15.79,7.06,40.82,3.64,2.22,1.42,19.37,12.89,0.42,51.52,29.11,15.52,0.57
Turkey,792,IPUMS,7/1/1990,4.56,7.91,11.93,8.2,43.41,3.87,2.54,1.34,19.09,13.3,0.19,55.48,29.84,15.14,0.59
Turkey,792,DHS,9/20/1993,4.57,9.76,4.62,11.56,54.54,4.32,3.74,0.57,24.51,0.46,0,70.41,37.5,16.87,0.71
Turkey,792,DHS,9/22/1998,4.35,10.35,5.28,13.42,54.13,4.12,3.76,0.35,22.11,0.95,0,71.66,35.14,15.2,0.43
Turkey,792,DYB,7/1/2000,..,10.71,..,..,..,..,..,..,..,..,..,..,..,..,..
Turkey,792,IPUMS,7/1/2000,4.33,10.72,6.14,11.71,47.41,5.04,3.64,1.39,..,..,29.7,64.16,32.01,13.75,0.69
Turkey,792,DHS,2/21/2004,4.07,12.43,6.37,13.33,55.08,4.59,4.07,0.52,19.46,1.16,0.01,73,35.34,12.84,0.66
Uganda,800,IPUMS,7/1/1991,4.87,28.46,11.77,5.88,24.5,11.25,9.05,2.2,38.28,8.13,0.2,41.62,..,..,..
Uganda,800,DHS,5/29/1995,4.76,24.34,10.63,6.13,33.17,9.26,7.53,1.73,37.66,3.15,0,48.56,15.14,12.35,5.8
Uganda,800,DHS,12/20/2000,4.8,27.45,11.06,5.33,36.18,10.13,8.51,1.62,33.08,4.18,0.05,51.64,13.12,10.33,6.21
Uganda,800,DYB,7/1/2002,..,23.07,..,..,..,..,..,..,..,..,..,..,..,..,..
Uganda,800,IPUMS,7/1/2002,4.82,23.08,12.47,5.1,35.49,10.82,8.57,2.26,31.66,4.46,0,51.42,..,..,..
Uganda,800,DHS,7/21/2006,4.97,29.92,10.84,3.52,33.26,11.34,9.72,1.62,36.38,4.64,0.02,48.11,16.13,13.47,6.88
Uganda,800,DHS,12/15/2009,4.75,29.77,11.32,4.16,37.43,11.82,10.01,1.81,32.11,2.97,0.19,53.41,14.21,11.74,6.79
Uganda,800,DHS,9/13/2011,4.9,29.55,11.47,3.81,34.12,10.99,9.32,1.67,35.41,4.17,0.03,48.92,16.58,13.96,6.3
Uganda,800,DHS,12/31/2014,4.93,26.95,11.51,3.86,37.8,9.95,8.22,1.73,32.8,4.06,0.02,51.61,18.41,14.65,5.73
Uganda,800,DHS,9/17/2016,4.53,31.02,13.68,4.25,32.64,11.68,9.82,1.86,31.6,6.14,0.01,48.56,15.92,13.33,6.74
Ukraine,804,IPUMS,7/1/2001,2.67,..,..,..,..,..,..,..,..,..,..,..,..,..,..
Ukraine,804,DHS,9/14/2007,2.46,49.49,27.9,19.65,22.38,11.23,9.82,1.41,18.2,0.58,0.06,53.27,31.69,11.66,1.65
United Kingdom,826,IPUMS,7/1/1991,2.48,30.7,26.45,26.36,31.87,8.04,6.97,1.07,4.22,3.06,0,66.27,14.57,1.48,0.25
United Kingdom,826,LFS,7/1/2001,2.34,..,..,..,..,..,..,..,..,..,..,..,..,..,..
United Kingdom,826,DYB,7/1/2011,2.35,40.27,30.58,25.56,25.21,10.69,..,..,..,..,7.97,61.45,..,..,..
United Kingdom,826,LFS,7/1/2011,2.27,..,..,..,..,..,..,..,..,..,..,..,..,..,..
Tanzania,834,IPUMS,7/1/1988,5.05,31.37,12.1,5.46,21.86,10.83,9.01,1.82,38.5,11.01,0.23,38.15,..,..,..
Tanzania,834,DHS,1/4/1992,5.31,18.57,8.98,5.5,33.31,6.11,4.74,1.36,42.66,3.41,0.05,44.91,24.83,18.7,4.53
Tanzania,834,DHS,9/7/1996,4.9,21.77,8.93,6.99,35.3,7.66,6.37,1.29,38.16,2.91,0.05,49.95,22.82,17.24,5.04
Tanzania,834,DHS,10/13/1999,5.02,23.11,9.24,5.47,34.58,6.85,5.56,1.29,40.57,3.25,0.04,46.9,24.47,19.68,4.55
Tanzania,834,IPUMS,7/1/2002,4.64,32.81,11.23,5.7,26.45,13.84,11.93,1.92,26.5,16.28,0,46,19.68,9.64,3.79
Tanzania,834,DHS,1/29/2004,4.99,23.21,8.28,5.31,31.23,7.68,6.19,1.5,39.68,7.79,0.02,44.22,22.89,18.18,5.27
Tanzania,834,DHS,12/11/2004,4.87,24.46,8.83,6.34,37.7,8.47,7.48,1,32.95,5.69,0.01,52.51,21.93,16.15,4.61
Tanzania,834,DHS,12/15/2007,4.99,24.43,7.92,5.81,35.49,8.45,7.45,1,36.24,6.09,0,49.76,22.66,17.78,6.15
Tanzania,834,DHS,3/6/2010,4.97,24.4,8.53,4.71,34.02,8.36,6.58,1.77,37.57,6.78,0.03,47.09,23.56,17.76,5.8
Tanzania,834,DHS,2/29/2012,5.12,24.26,8.43,5.15,34.81,7.8,6.68,1.11,38.24,5.58,0,47.76,24.99,19.88,5.16
Tanzania,834,IPUMS,7/1/2012,4.74,31.73,10.99,5.35,27.57,11.7,9.87,1.83,29.92,14.47,0,44.62,20.83,13.35,4.61
Tanzania,834,DHS,11/17/2015,4.85,24.48,9.63,5.62,35.4,7.3,6.12,1.18,31.04,11,0,48.33,22.64,17.68,5.83
United States,840,IPUMS,7/1/1960,3.3,17.22,13.32,22.15,43.45,5.23,4.41,0.82,12.05,3.79,0,70.83,14.7,4.73,0.66
United States,840,IPUMS,7/1/1970,3.11,21.29,17.58,23.04,40.02,6.77,5.79,0.98,9.12,3.48,0,69.83,13.92,3.57,0.64
United States,840,IPUMS,7/1/1980,2.75,27.74,22.62,22.74,33.49,7.71,6.77,0.94,7.65,5.8,0,63.94,13.41,2.88,0.55
United States,840,IPUMS,7/1/1990,2.63,32.5,24.55,23.66,30.34,8.35,7.25,1.1,7.83,5.26,0,62.36,14,3.18,0.76
United States,840,IPUMS,7/1/2000,2.59,34.9,25.82,24.03,27.7,8.62,7.25,1.37,8.29,5.54,0,60.35,13.25,3.69,0.86
United States,840,IPUMS,7/1/2005,2.52,44.83,27.07,24.13,25.67,9.29,7.7,1.59,8.71,5.13,0,59.09,12.84,3.26,0.91
United States,840,DYB,7/1/2009,..,..,27.02,23.36,27.09,13.12,..,..,..,..,9.42,63.57,..,..,..
United States,840,DYB,7/1/2010,2.58,..,26.74,28.21,20.21,9.56,..,..,..,..,15.29,57.97,..,..,..
United States,840,IPUMS,7/1/2010,2.52,47.04,27.45,24.36,24.7,9.34,7.69,1.66,9.07,5.07,0,58.4,14.75,3.84,0.96
United States,840,IPUMS,7/1/2015,2.49,49.77,27.89,24.79,23.82,9.13,7.39,1.73,9.02,5.36,0,57.73,15.7,3.91,1.01
Uruguay,858,IPUMS,7/1/1963,3.71,18.3,11.22,11.84,36.24,7.33,5.92,1.41,21.42,11.68,0.28,55.41,..,..,..
Uruguay,858,IPUMS,7/1/1975,3.42,20.77,14.39,14.21,34.13,7.79,6.4,1.39,20.61,8.47,0.4,56.13,..,..,..
Uruguay,858,IPUMS,7/1/1985,3.34,23,14.98,14.6,35.02,8.6,7.24,1.36,20.49,6.31,0,58.22,..,..,..
Uruguay,858,IPUMS,7/1/1996,3.2,29.29,16.94,14.52,33.85,9.6,7.93,1.67,19.96,5.14,0,57.97,27.38,9.75,1.68
Uruguay,858,IPUMS,7/1/2006,2.97,33.15,19.78,16.46,34.85,11.28,9.88,1.4,15.18,2.45,0,62.59,27.56,8.28,1.65
Uruguay,858,DYB,7/1/2011,2.8,48.39,23.27,16.69,31.46,11.13,..,..,..,..,17.45,59.28,..,..,..
Uruguay,858,IPUMS,7/1/2011,2.78,47.89,23.52,16.45,30.99,10.91,9.48,1.43,14.68,2.66,0.78,58.35,24.24,6.94,1.26
Uzbekistan,860,DHS,8/19/1996,5.24,22.24,5.26,5.18,51.45,5.81,5.27,0.54,32.07,0.23,0,62.44,41.48,25.7,0.89
Venezuela,862,IPUMS,7/1/1971,5.27,20.26,8.23,5.58,37.5,9.24,7.44,1.8,28.53,10.9,0.01,52.33,..,..,..
Venezuela,862,IPUMS,7/1/1981,5.26,21.78,6.81,4.97,37.09,8.28,7.17,1.11,30.9,11.94,0,50.35,30.46,15.72,1.32
Venezuela,862,IPUMS,7/1/1990,4.8,24.23,6.82,5.06,39.17,9.76,8.57,1.19,32.02,7.17,0,53.99,30.97,16.14,1.35
Venezuela,862,IPUMS,7/1/2001,4.33,29.42,7.56,5.51,39.6,10.49,9.18,1.31,32.23,4.61,0,55.6,35.5,18.01,1.7
Vietnam,704,DHS,6/15/1985,4.4,26.82,4.31,4.9,54.16,7.25,6.25,1,28.87,0.49,0.04,66.3,40.01,21.76,1.05
Vietnam,704,IPUMS,7/1/1989,4.82,32.04,4.99,3.92,..,..,..,..,..,0.34,0.4,..,34.78,17.73,1.18
Vietnam,704,DHS,8/18/1997,4.4,26.82,4.31,4.9,54.16,7.25,6.25,1,28.87,0.49,0.04,66.3,40.01,21.76,1.05
Vietnam,704,IPUMS,7/1/1999,4.51,25.2,4.36,4.06,54.73,9.11,7.89,1.22,..,..,27.75,67.89,..,..,..
Vietnam,704,DHS,10/30/2005,4.22,27.03,4.24,6.07,49.32,8.17,6.94,1.24,31.26,0.94,0,63.56,41.4,23.23,1.51
Vietnam,704,DYB,7/1/2009,..,..,..,..,..,..,..,..,..,..,..,..,..,..,..
Vietnam,704,IPUMS,7/1/2009,3.78,27.15,7.28,8.07,49.48,8,6.9,1.1,..,..,27.18,65.54,35.02,16.5,1.39
"Yemen, Rep.",887,DHS,12/16/1991,6.69,12.2,3.16,5.76,48.89,7.53,6.66,0.88,33.64,0.71,0.31,62.18,34.91,20.75,0.47
"Yemen, Rep.",887,DHS,10/25/2013,6.67,7.78,1.87,5.33,56.09,4.29,3.61,0.68,32.25,0.17,0,65.71,44.24,22.31,0.38
Zambia,894,IPUMS,7/1/1990,5.85,24.71,5.84,6.38,40.74,7.29,7.23,0.06,37.31,2.43,0,54.41,..,..,..
Zambia,894,DHS,3/20/1992,5.61,16.24,6.59,6.36,32.73,4.09,3.3,0.78,46.71,3.49,0.04,43.17,21.36,16.27,3.54
Zambia,894,DHS,10/12/1996,5.38,23.08,6.06,5.9,33.56,6.25,5.22,1.03,45.67,2.53,0.03,45.72,23.02,16.34,4.49
Zambia,894,IPUMS,7/1/2000,5.24,19.06,7.07,5.72,35.62,8.07,6.33,1.74,39.23,2.18,2.12,49.4,23,13.08,2.96
Zambia,894,DHS,2/20/2002,5.24,22.63,6.35,4.75,35.72,6.19,5.29,0.9,43.67,3.33,0,46.66,20.75,15.95,5.01
Zambia,894,DHS,7/6/2007,4.88,24.28,7.73,4.98,36,7.65,6.58,1.07,41.73,1.91,0,48.63,18.02,13.76,6.43
Zambia,894,DYB,7/1/2010,..,22.53,..,..,..,..,..,..,..,..,..,..,..,..,..
Zambia,894,IPUMS,7/1/2010,5.21,22.57,6.35,4.23,40.34,8.43,7.39,1.04,38.62,2.04,0,52.99,22.45,13.45,4.07
Zambia,894,DHS,12/10/2013,5.13,26.58,7.17,3.96,36.43,7.97,7.24,0.73,42.01,2.45,0.01,48.36,19.7,15.38,6.07
Zimbabwe,716,DHS,9/22/1994,4.69,32.75,13.5,4.26,22.06,12.74,9.91,2.84,41.35,5.91,0.18,39.06,22.59,17.7,5.15
Zimbabwe,716,DHS,10/15/1999,4.19,33.44,15.56,5.79,24.54,12.49,9.69,2.8,36.37,5.25,0,42.82,20.62,15.83,5.15
Zimbabwe,716,DHS,12/6/2005,4.46,37.74,10.16,3.66,22.94,12.67,10.75,1.93,45.8,4.66,0.12,39.27,23.95,19.17,7.55
Zimbabwe,716,DHS,12/21/2010,4.15,44.57,11.66,4.09,24.76,12.22,10.61,1.61,43.25,4.01,0.01,41.07,21.56,17.3,7.38
Zimbabwe,716,IPUMS,7/1/2012,4.04,33.32,13.13,4.38,22.82,10.42,8.96,1.47,42.56,6.25,0.44,37.62,18.09,12.46,6.33
Zimbabwe,716,DHS,9/27/2015,4.08,40.55,12.37,4.42,25.75,12.28,11.04,1.25,39.94,5.2,0.03,42.46,19.51,15.58,8.21
